Species,Number,Detector.ID,Date,Time,Latitude,Longitude
Pipistrellus pipistrellus,1,A3,06/07/2018,01:05:54,55.15971667,-3.157716667
Pipistrellus pipistrellus,1,A3,06/07/2018,01:06:02,55.15971667,-3.157716667
Pipistrellus pipistrellus,1,A3,06/07/2018,01:06:08,55.15971667,-3.157716667
Pipistrellus pipistrellus,1,A3,06/07/2018,01:07:34,55.15971667,-3.157716667
Pipistrellus pipistrellus,1,A3,06/07/2018,01:08:22,55.15971667,-3.157716667
Pipistrellus pipistrellus,1,A3,06/07/2018,01:08:28,55.15971667,-3.157716667
Pipistrellus pipistrellus,1,A3,06/07/2018,01:10:39,55.15971667,-3.157716667
Pipistrellus pipistrellus,1,A3,06/07/2018,01:14:54,55.15971667,-3.157716667
Nyctalus noctula,1,A3,06/07/2018,01:50:17,55.15971667,-3.157716667
Pipistrellus pipistrellus,1,A3,06/07/2018,01:51:44,55.15971667,-3.157716667
Nyctalus leisleri,1,A3,06/07/2018,02:00:32,55.15971667,-3.157716667
Nyctalus leisleri,1,A3,06/07/2018,02:01:01,55.15971667,-3.157716667
Nyctalus leisleri,1,A3,06/07/2018,02:01:13,55.15971667,-3.157716667
Nyctalus leisleri,1,A3,06/07/2018,02:14:12,55.15971667,-3.157716667
Pipistrellus pipistrellus,1,A3,06/07/2018,02:19:32,55.15971667,-3.157716667
Pipistrellus pipistrellus,1,A3,06/07/2018,02:33:43,55.15971667,-3.157716667
Pipistrellus pipistrellus,1,A3,06/07/2018,02:38:04,55.15971667,-3.157716667
Pipistrellus pygmaeus,1,A3,06/07/2018,02:46:11,55.15971667,-3.157716667
Pipistrellus pipistrellus,1,A3,06/07/2018,02:50:40,55.15971667,-3.157716667
Nyctalus noctula,1,A3,06/07/2018,02:53:11,55.15971667,-3.157716667
Pipistrellus pipistrellus,1,A3,06/07/2018,03:00:59,55.15971667,-3.157716667
Pipistrellus pipistrellus,1,A3,06/07/2018,03:10:50,55.15971667,-3.157716667
Nyctalus noctula,1,A3,05/07/2018,23:03:33,55.15971667,-3.157716667
Nyctalus noctula,1,A3,05/07/2018,23:28:03,55.15971667,-3.157716667
Nyctalus leisleri,1,A3,05/07/2018,23:28:18,55.15971667,-3.157716667
Nyctalus leisleri,1,A3,05/07/2018,23:28:23,55.15971667,-3.157716667
Nyctalus noctula,1,A3,05/07/2018,23:28:35,55.15971667,-3.157716667
Nyctalus noctula,1,A3,05/07/2018,23:28:39,55.15971667,-3.157716667
Pipistrellus pipistrellus,1,A3,05/07/2018,23:31:45,55.15971667,-3.157716667
Nyctalus noctula,1,A3,05/07/2018,23:38:10,55.15971667,-3.157716667
Nyctalus noctula,1,A3,05/07/2018,23:38:27,55.15971667,-3.157716667
Nyctalus noctula,1,A3,05/07/2018,23:38:35,55.15971667,-3.157716667
Nyctalus noctula,1,A3,05/07/2018,23:38:39,55.15971667,-3.157716667
Nyctalus noctula,1,A3,05/07/2018,23:38:42,55.15971667,-3.157716667
Pipistrellus pipistrellus,1,A3,05/07/2018,23:39:00,55.15971667,-3.157716667
Pipistrellus pipistrellus,1,A3,05/07/2018,23:39:10,55.15971667,-3.157716667
Pipistrellus pipistrellus,1,A3,05/07/2018,23:39:14,55.15971667,-3.157716667
Pipistrellus pipistrellus,1,A3,05/07/2018,23:39:29,55.15971667,-3.157716667
Pipistrellus pipistrellus,1,A3,05/07/2018,23:39:31,55.15971667,-3.157716667
Nyctalus noctula,1,A3,05/07/2018,23:39:40,55.15971667,-3.157716667
Nyctalus noctula,1,A3,05/07/2018,23:39:45,55.15971667,-3.157716667
Nyctalus noctula,1,A3,05/07/2018,23:39:50,55.15971667,-3.157716667
Pipistrellus pipistrellus,1,A3,05/07/2018,23:40:27,55.15971667,-3.157716667
Pipistrellus pipistrellus,1,A3,05/07/2018,23:49:48,55.15971667,-3.157716667
Pipistrellus pygmaeus,1,A3,05/07/2018,23:51:10,55.15971667,-3.157716667
Nyctalus noctula,1,A3,05/07/2018,23:55:30,55.15971667,-3.157716667
Pipistrellus pipistrellus,1,A3,07/07/2018,00:07:01,55.15971667,-3.157716667
Nyctalus noctula,1,A3,07/07/2018,00:09:23,55.15971667,-3.157716667
Pipistrellus pipistrellus,1,A3,07/07/2018,00:13:52,55.15971667,-3.157716667
Pipistrellus pipistrellus,1,A3,07/07/2018,00:14:43,55.15971667,-3.157716667
Pipistrellus pipistrellus,1,A3,07/07/2018,00:25:23,55.15971667,-3.157716667
Nyctalus noctula,1,A3,07/07/2018,01:00:53,55.15971667,-3.157716667
Pipistrellus pipistrellus,1,A3,07/07/2018,01:04:38,55.15971667,-3.157716667
Pipistrellus pipistrellus,1,A3,07/07/2018,01:05:06,55.15971667,-3.157716667
Nyctalus noctula,1,A3,07/07/2018,01:16:38,55.15971667,-3.157716667
Nyctalus spp.,1,A3,07/07/2018,01:16:47,55.15971667,-3.157716667
Nyctalus noctula,1,A3,07/07/2018,01:16:51,55.15971667,-3.157716667
Nyctalus noctula,1,A3,07/07/2018,01:16:58,55.15971667,-3.157716667
Pipistrellus pipistrellus,1,A3,07/07/2018,01:28:16,55.15971667,-3.157716667
Nyctalus noctula,1,A3,07/07/2018,01:38:40,55.15971667,-3.157716667
Nyctalus noctula,1,A3,07/07/2018,02:09:09,55.15971667,-3.157716667
Nyctalus noctula,1,A3,07/07/2018,02:14:00,55.15971667,-3.157716667
Nyctalus noctula,1,A3,07/07/2018,02:14:15,55.15971667,-3.157716667
Nyctalus noctula,1,A3,07/07/2018,02:14:23,55.15971667,-3.157716667
Nyctalus noctula,1,A3,07/07/2018,02:14:29,55.15971667,-3.157716667
Nyctalus noctula,1,A3,07/07/2018,02:14:40,55.15971667,-3.157716667
Nyctalus noctula,1,A3,07/07/2018,02:14:47,55.15971667,-3.157716667
Nyctalus noctula,1,A3,07/07/2018,02:15:03,55.15971667,-3.157716667
Nyctalus noctula,1,A3,07/07/2018,02:15:13,55.15971667,-3.157716667
Nyctalus noctula,1,A3,07/07/2018,02:28:16,55.15971667,-3.157716667
Nyctalus noctula,1,A3,07/07/2018,02:28:29,55.15971667,-3.157716667
Pipistrellus pipistrellus,1,A3,07/07/2018,02:30:46,55.15971667,-3.157716667
Nyctalus spp.,1,A3,07/07/2018,02:40:18,55.15971667,-3.157716667
Pipistrellus pygmaeus,1,A3,07/07/2018,02:43:44,55.15971667,-3.157716667
Nyctalus noctula,1,A3,07/07/2018,03:12:56,55.15971667,-3.157716667
Pipistrellus pygmaeus,1,A3,07/07/2018,03:15:16,55.15971667,-3.157716667
Nyctalus noctula,1,A3,06/07/2018,23:06:25,55.15971667,-3.157716667
Nyctalus noctula,1,A3,06/07/2018,23:20:59,55.15971667,-3.157716667
Nyctalus noctula,1,A3,06/07/2018,23:24:40,55.15971667,-3.157716667
Pipistrellus pipistrellus,1,A3,06/07/2018,23:28:16,55.15971667,-3.157716667
Nyctalus noctula,1,A3,06/07/2018,23:31:13,55.15971667,-3.157716667
Nyctalus noctula,1,A3,06/07/2018,23:38:55,55.15971667,-3.157716667
Nyctalus noctula,1,A3,06/07/2018,23:39:00,55.15971667,-3.157716667
Nyctalus noctula,1,A3,06/07/2018,23:39:11,55.15971667,-3.157716667
Pipistrellus pipistrellus,1,A3,06/07/2018,23:42:03,55.15971667,-3.157716667
Pipistrellus pipistrellus,1,A3,06/07/2018,23:47:53,55.15971667,-3.157716667
Pipistrellus pygmaeus,1,A3,06/07/2018,23:48:20,55.15971667,-3.157716667
Pipistrellus pipistrellus,1,A3,06/07/2018,23:48:59,55.15971667,-3.157716667
Pipistrellus pygmaeus,1,A3,06/07/2018,23:49:10,55.15971667,-3.157716667
Pipistrellus pipistrellus,1,A3,06/07/2018,23:50:30,55.15971667,-3.157716667
Pipistrellus pipistrellus,1,A3,06/07/2018,23:56:18,55.15971667,-3.157716667
Pipistrellus pipistrellus,1,A3,06/07/2018,23:57:20,55.15971667,-3.157716667
Pipistrellus pipistrellus,1,A3,08/07/2018,00:01:52,55.15971667,-3.157716667
Nyctalus noctula,1,A3,08/07/2018,00:09:14,55.15971667,-3.157716667
Nyctalus noctula,1,A3,08/07/2018,00:09:21,55.15971667,-3.157716667
Nyctalus noctula,1,A3,08/07/2018,00:09:26,55.15971667,-3.157716667
Nyctalus noctula,1,A3,08/07/2018,00:09:29,55.15971667,-3.157716667
Pipistrellus pygmaeus,1,A3,08/07/2018,00:13:39,55.15971667,-3.157716667
Pipistrellus pygmaeus,1,A3,08/07/2018,00:39:15,55.15971667,-3.157716667
Pipistrellus pipistrellus,1,A3,08/07/2018,01:08:58,55.15971667,-3.157716667
Nyctalus noctula,1,A3,08/07/2018,01:55:23,55.15971667,-3.157716667
Nyctalus noctula,1,A3,08/07/2018,01:57:39,55.15971667,-3.157716667
Pipistrellus pipistrellus,1,A3,08/07/2018,02:34:17,55.15971667,-3.157716667
Pipistrellus pipistrellus,1,A3,08/07/2018,02:34:24,55.15971667,-3.157716667
Pipistrellus pipistrellus,1,A3,08/07/2018,02:34:32,55.15971667,-3.157716667
Pipistrellus pipistrellus,1,A3,08/07/2018,02:34:41,55.15971667,-3.157716667
Pipistrellus pipistrellus,1,A3,08/07/2018,02:34:46,55.15971667,-3.157716667
Pipistrellus pipistrellus,1,A3,08/07/2018,02:38:00,55.15971667,-3.157716667
Pipistrellus pipistrellus,1,A3,08/07/2018,02:38:07,55.15971667,-3.157716667
Nyctalus noctula,1,A3,08/07/2018,02:54:03,55.15971667,-3.157716667
Pipistrellus pipistrellus,1,A3,08/07/2018,02:54:21,55.15971667,-3.157716667
Pipistrellus pipistrellus,1,A3,08/07/2018,02:54:39,55.15971667,-3.157716667
Pipistrellus pipistrellus,1,A3,08/07/2018,02:55:05,55.15971667,-3.157716667
Pipistrellus pygmaeus,1,A3,08/07/2018,02:55:05,55.15971667,-3.157716667
Pipistrellus pipistrellus,1,A3,08/07/2018,02:55:18,55.15971667,-3.157716667
Pipistrellus pipistrellus,1,A3,08/07/2018,02:55:53,55.15971667,-3.157716667
Pipistrellus pipistrellus,1,A3,08/07/2018,02:56:13,55.15971667,-3.157716667
Pipistrellus pipistrellus,1,A3,08/07/2018,02:57:27,55.15971667,-3.157716667
Pipistrellus pipistrellus,1,A3,08/07/2018,02:58:13,55.15971667,-3.157716667
Pipistrellus pipistrellus,1,A3,08/07/2018,02:59:14,55.15971667,-3.157716667
Pipistrellus pipistrellus,1,A3,08/07/2018,02:59:17,55.15971667,-3.157716667
Nyctalus noctula,1,A3,08/07/2018,03:06:48,55.15971667,-3.157716667
Nyctalus noctula,1,A3,08/07/2018,03:06:52,55.15971667,-3.157716667
Pipistrellus pipistrellus,1,A3,08/07/2018,03:10:58,55.15971667,-3.157716667
Pipistrellus pipistrellus,1,A3,08/07/2018,03:11:31,55.15971667,-3.157716667
Pipistrellus spp.,1,A3,08/07/2018,03:13:54,55.15971667,-3.157716667
Pipistrellus pipistrellus,1,A3,08/07/2018,03:16:06,55.15971667,-3.157716667
Pipistrellus pipistrellus,1,A3,08/07/2018,03:16:57,55.15971667,-3.157716667
Pipistrellus pipistrellus,1,A3,08/07/2018,03:17:01,55.15971667,-3.157716667
Pipistrellus pipistrellus,1,A3,08/07/2018,03:17:14,55.15971667,-3.157716667
Pipistrellus pipistrellus,1,A3,08/07/2018,03:17:39,55.15971667,-3.157716667
Pipistrellus pipistrellus,1,A3,08/07/2018,03:18:32,55.15971667,-3.157716667
Pipistrellus spp.,1,A3,08/07/2018,03:21:41,55.15971667,-3.157716667
Pipistrellus pipistrellus,1,A3,08/07/2018,03:23:02,55.15971667,-3.157716667
Pipistrellus pipistrellus,1,A3,08/07/2018,03:23:58,55.15971667,-3.157716667
Pipistrellus pipistrellus,1,A3,08/07/2018,03:32:39,55.15971667,-3.157716667
Pipistrellus pipistrellus,1,A3,08/07/2018,03:33:20,55.15971667,-3.157716667
Nyctalus noctula,1,A3,08/07/2018,03:44:09,55.15971667,-3.157716667
Nyctalus noctula,1,A3,08/07/2018,03:44:22,55.15971667,-3.157716667
Nyctalus noctula,1,A3,08/07/2018,03:44:25,55.15971667,-3.157716667
Pipistrellus pipistrellus,1,A3,07/07/2018,23:41:36,55.15971667,-3.157716667
Nyctalus noctula,1,A3,07/07/2018,23:51:33,55.15971667,-3.157716667
Nyctalus noctula,1,A3,07/07/2018,23:51:40,55.15971667,-3.157716667
Nyctalus noctula,1,A3,07/07/2018,23:51:43,55.15971667,-3.157716667
Nyctalus noctula,1,A3,07/07/2018,23:54:49,55.15971667,-3.157716667
Pipistrellus pipistrellus,1,A3,09/07/2018,00:02:09,55.15971667,-3.157716667
Pipistrellus pipistrellus,1,A3,09/07/2018,00:02:20,55.15971667,-3.157716667
Pipistrellus pipistrellus,1,A3,09/07/2018,00:02:23,55.15971667,-3.157716667
Pipistrellus pipistrellus,1,A3,09/07/2018,00:03:15,55.15971667,-3.157716667
Pipistrellus nathusii,1,A3,09/07/2018,00:03:15,55.15971667,-3.157716667
Pipistrellus pipistrellus,2,A3,09/07/2018,00:03:24,55.15971667,-3.157716667
Pipistrellus pipistrellus,1,A3,09/07/2018,00:03:27,55.15971667,-3.157716667
Pipistrellus nathusii,1,A3,09/07/2018,00:03:27,55.15971667,-3.157716667
Pipistrellus pipistrellus,1,A3,09/07/2018,00:03:33,55.15971667,-3.157716667
Pipistrellus pipistrellus,1,A3,09/07/2018,00:07:00,55.15971667,-3.157716667
Pipistrellus pipistrellus,1,A3,09/07/2018,00:07:22,55.15971667,-3.157716667
Nyctalus noctula,1,A3,09/07/2018,00:42:47,55.15971667,-3.157716667
Nyctalus noctula,1,A3,09/07/2018,00:42:58,55.15971667,-3.157716667
Nyctalus noctula,1,A3,09/07/2018,00:43:03,55.15971667,-3.157716667
Pipistrellus nathusii,1,A3,08/07/2018,23:30:24,55.15971667,-3.157716667
Pipistrellus nathusii,1,A3,08/07/2018,23:32:10,55.15971667,-3.157716667
Pipistrellus nathusii,1,A3,08/07/2018,23:32:37,55.15971667,-3.157716667
Pipistrellus nathusii,1,A3,08/07/2018,23:32:55,55.15971667,-3.157716667
Pipistrellus nathusii,1,A3,08/07/2018,23:37:32,55.15971667,-3.157716667
Nyctalus noctula,1,A3,08/07/2018,23:42:17,55.15971667,-3.157716667
Pipistrellus pipistrellus,1,A3,10/07/2018,00:04:33,55.15971667,-3.157716667
Pipistrellus pipistrellus,1,A3,10/07/2018,00:09:54,55.15971667,-3.157716667
Pipistrellus pipistrellus,1,A3,10/07/2018,00:13:28,55.15971667,-3.157716667
Pipistrellus pipistrellus,1,A3,10/07/2018,00:18:24,55.15971667,-3.157716667
Pipistrellus pipistrellus,1,A3,10/07/2018,00:37:08,55.15971667,-3.157716667
Myotis spp.,1,A3,10/07/2018,01:09:30,55.15971667,-3.157716667
Pipistrellus pipistrellus,1,A3,10/07/2018,01:15:12,55.15971667,-3.157716667
Pipistrellus pipistrellus,1,A3,10/07/2018,01:21:25,55.15971667,-3.157716667
Pipistrellus pipistrellus,1,A3,10/07/2018,01:21:40,55.15971667,-3.157716667
Pipistrellus pipistrellus,1,A3,10/07/2018,02:23:05,55.15971667,-3.157716667
Pipistrellus pipistrellus,1,A3,10/07/2018,02:23:11,55.15971667,-3.157716667
Pipistrellus pipistrellus,1,A3,10/07/2018,02:23:26,55.15971667,-3.157716667
Pipistrellus pipistrellus,1,A3,10/07/2018,02:23:41,55.15971667,-3.157716667
Pipistrellus pipistrellus,1,A3,10/07/2018,02:23:59,55.15971667,-3.157716667
Pipistrellus pygmaeus,1,A3,10/07/2018,02:49:12,55.15971667,-3.157716667
Nyctalus noctula,1,A3,09/07/2018,23:17:40,55.15971667,-3.157716667
Nyctalus noctula,1,A3,09/07/2018,23:20:46,55.15971667,-3.157716667
Pipistrellus pipistrellus,1,A3,11/07/2018,00:06:45,55.15971667,-3.157716667
Nyctalus leisleri,1,A3,11/07/2018,01:13:17,55.15971667,-3.157716667
Pipistrellus pipistrellus,1,A3,11/07/2018,01:49:26,55.15971667,-3.157716667
Pipistrellus pipistrellus,1,A3,11/07/2018,03:17:43,55.15971667,-3.157716667
Pipistrellus pipistrellus,1,A3,10/07/2018,23:15:30,55.15971667,-3.157716667
Pipistrellus pipistrellus,1,A3,10/07/2018,23:16:04,55.15971667,-3.157716667
Pipistrellus pipistrellus,1,A3,10/07/2018,23:16:11,55.15971667,-3.157716667
Pipistrellus pipistrellus,1,A3,10/07/2018,23:19:57,55.15971667,-3.157716667
Pipistrellus pipistrellus,1,A3,10/07/2018,23:20:06,55.15971667,-3.157716667
Pipistrellus pipistrellus,1,A3,10/07/2018,23:21:01,55.15971667,-3.157716667
Pipistrellus pipistrellus,1,A3,10/07/2018,23:23:42,55.15971667,-3.157716667
Pipistrellus nathusii,1,A3,10/07/2018,23:26:22,55.15971667,-3.157716667
Pipistrellus pipistrellus,1,A3,10/07/2018,23:26:52,55.15971667,-3.157716667
Pipistrellus pipistrellus,1,A3,10/07/2018,23:27:49,55.15971667,-3.157716667
Pipistrellus pipistrellus,1,A3,10/07/2018,23:28:18,55.15971667,-3.157716667
Pipistrellus pipistrellus,1,A3,10/07/2018,23:29:13,55.15971667,-3.157716667
Pipistrellus nathusii,1,A3,10/07/2018,23:29:13,55.15971667,-3.157716667
Pipistrellus pipistrellus,2,A3,10/07/2018,23:32:05,55.15971667,-3.157716667
Pipistrellus pipistrellus,1,A3,10/07/2018,23:38:53,55.15971667,-3.157716667
Pipistrellus pipistrellus,1,A3,10/07/2018,23:39:29,55.15971667,-3.157716667
Pipistrellus pipistrellus,1,A3,10/07/2018,23:42:37,55.15971667,-3.157716667
Pipistrellus pipistrellus,1,A3,10/07/2018,23:48:39,55.15971667,-3.157716667
Pipistrellus pygmaeus,1,A3,10/07/2018,23:52:46,55.15971667,-3.157716667
Pipistrellus pipistrellus,1,A3,10/07/2018,23:58:36,55.15971667,-3.157716667
Nyctalus leisleri,1,A3,10/07/2018,23:59:35,55.15971667,-3.157716667
Pipistrellus pipistrellus,1,A3,12/07/2018,00:02:44,55.15971667,-3.157716667
Pipistrellus pipistrellus,1,A3,12/07/2018,00:29:13,55.15971667,-3.157716667
Nyctalus noctula,1,A3,12/07/2018,00:31:32,55.15971667,-3.157716667
Myotis spp.,1,A3,12/07/2018,00:57:46,55.15971667,-3.157716667
Pipistrellus pipistrellus,1,A3,11/07/2018,22:58:52,55.15971667,-3.157716667
Nyctalus leisleri,1,A3,11/07/2018,23:02:54,55.15971667,-3.157716667
Nyctalus noctula,1,A3,13/07/2018,00:09:37,55.15971667,-3.157716667
Pipistrellus pipistrellus,1,A3,13/07/2018,00:29:32,55.15971667,-3.157716667
Pipistrellus pipistrellus,1,A3,13/07/2018,00:45:06,55.15971667,-3.157716667
Pipistrellus pipistrellus,1,A3,13/07/2018,00:55:12,55.15971667,-3.157716667
Pipistrellus pipistrellus,1,A3,13/07/2018,00:59:23,55.15971667,-3.157716667
Pipistrellus pipistrellus,1,A3,13/07/2018,00:59:39,55.15971667,-3.157716667
Myotis spp.,1,A3,13/07/2018,01:04:36,55.15971667,-3.157716667
Nyctalus noctula,1,A3,13/07/2018,02:56:27,55.15971667,-3.157716667
Nyctalus noctula,1,A3,12/07/2018,23:08:40,55.15971667,-3.157716667
Pipistrellus pygmaeus,1,A3,12/07/2018,23:40:51,55.15971667,-3.157716667
Nyctalus noctula,1,A3,12/07/2018,23:47:52,55.15971667,-3.157716667
Nyctalus noctula,1,A3,12/07/2018,23:47:56,55.15971667,-3.157716667
Nyctalus noctula,1,A3,12/07/2018,23:47:59,55.15971667,-3.157716667
Pipistrellus pipistrellus,2,A3,14/07/2018,00:00:01,55.15971667,-3.157716667
Pipistrellus pipistrellus,1,A3,14/07/2018,00:00:25,55.15971667,-3.157716667
Pipistrellus pipistrellus,1,A3,14/07/2018,00:00:35,55.15971667,-3.157716667
Pipistrellus spp.,1,A3,14/07/2018,00:01:12,55.15971667,-3.157716667
Pipistrellus pipistrellus,1,A3,14/07/2018,00:01:19,55.15971667,-3.157716667
Pipistrellus pipistrellus,1,A3,14/07/2018,00:01:24,55.15971667,-3.157716667
Pipistrellus pipistrellus,1,A3,14/07/2018,00:01:31,55.15971667,-3.157716667
Pipistrellus pipistrellus,1,A3,14/07/2018,00:01:42,55.15971667,-3.157716667
Pipistrellus pipistrellus,1,A3,14/07/2018,00:01:47,55.15971667,-3.157716667
Pipistrellus pygmaeus,1,A3,14/07/2018,00:01:58,55.15971667,-3.157716667
Pipistrellus pygmaeus,1,A3,14/07/2018,00:02:21,55.15971667,-3.157716667
Pipistrellus pygmaeus,1,A3,14/07/2018,00:03:01,55.15971667,-3.157716667
Pipistrellus pygmaeus,1,A3,14/07/2018,00:05:36,55.15971667,-3.157716667
Pipistrellus pipistrellus,1,A3,14/07/2018,00:11:00,55.15971667,-3.157716667
Pipistrellus pipistrellus,1,A3,14/07/2018,00:12:07,55.15971667,-3.157716667
Nyctalus noctula,1,A3,14/07/2018,00:18:56,55.15971667,-3.157716667
Nyctalus noctula,1,A3,14/07/2018,00:19:05,55.15971667,-3.157716667
Nyctalus noctula,1,A3,14/07/2018,00:19:14,55.15971667,-3.157716667
Nyctalus noctula,1,A3,14/07/2018,00:19:21,55.15971667,-3.157716667
Nyctalus noctula,1,A3,14/07/2018,00:19:31,55.15971667,-3.157716667
Nyctalus noctula,1,A3,14/07/2018,00:19:47,55.15971667,-3.157716667
Pipistrellus pipistrellus,1,A3,14/07/2018,00:22:47,55.15971667,-3.157716667
Pipistrellus pipistrellus,1,A3,14/07/2018,00:34:27,55.15971667,-3.157716667
Pipistrellus pipistrellus,1,A3,14/07/2018,02:33:27,55.15971667,-3.157716667
Pipistrellus pygmaeus,1,A3,14/07/2018,02:59:35,55.15971667,-3.157716667
Nyctalus noctula,1,A3,13/07/2018,22:50:24,55.15971667,-3.157716667
Pipistrellus pipistrellus,1,A3,13/07/2018,23:00:34,55.15971667,-3.157716667
Pipistrellus pygmaeus,1,A3,13/07/2018,23:05:51,55.15971667,-3.157716667
Pipistrellus pipistrellus,1,A3,13/07/2018,23:06:28,55.15971667,-3.157716667
Pipistrellus pipistrellus,1,A3,13/07/2018,23:06:38,55.15971667,-3.157716667
Pipistrellus pipistrellus,1,A3,13/07/2018,23:07:52,55.15971667,-3.157716667
Pipistrellus pipistrellus,1,A3,13/07/2018,23:08:13,55.15971667,-3.157716667
Pipistrellus pipistrellus,1,A3,13/07/2018,23:08:20,55.15971667,-3.157716667
Pipistrellus pipistrellus,1,A3,13/07/2018,23:08:29,55.15971667,-3.157716667
Pipistrellus pipistrellus,1,A3,13/07/2018,23:08:37,55.15971667,-3.157716667
Pipistrellus pipistrellus,1,A3,13/07/2018,23:08:42,55.15971667,-3.157716667
Pipistrellus pipistrellus,1,A3,13/07/2018,23:08:55,55.15971667,-3.157716667
Pipistrellus pipistrellus,1,A3,13/07/2018,23:09:08,55.15971667,-3.157716667
Pipistrellus pipistrellus,1,A3,13/07/2018,23:09:28,55.15971667,-3.157716667
Pipistrellus pipistrellus,1,A3,13/07/2018,23:10:21,55.15971667,-3.157716667
Pipistrellus pipistrellus,1,A3,13/07/2018,23:10:41,55.15971667,-3.157716667
Pipistrellus pipistrellus,1,A3,13/07/2018,23:11:02,55.15971667,-3.157716667
Pipistrellus pipistrellus,1,A3,13/07/2018,23:13:07,55.15971667,-3.157716667
Pipistrellus pipistrellus,1,A3,13/07/2018,23:13:10,55.15971667,-3.157716667
Pipistrellus pipistrellus,1,A3,13/07/2018,23:13:45,55.15971667,-3.157716667
Pipistrellus pipistrellus,1,A3,13/07/2018,23:14:50,55.15971667,-3.157716667
Pipistrellus pipistrellus,1,A3,13/07/2018,23:17:15,55.15971667,-3.157716667
Nyctalus noctula,1,A3,13/07/2018,23:17:15,55.15971667,-3.157716667
Pipistrellus pipistrellus,1,A3,13/07/2018,23:17:21,55.15971667,-3.157716667
Nyctalus noctula,1,A3,13/07/2018,23:22:26,55.15971667,-3.157716667
Nyctalus noctula,1,A3,13/07/2018,23:22:28,55.15971667,-3.157716667
Nyctalus noctula,1,A3,13/07/2018,23:24:49,55.15971667,-3.157716667
Nyctalus noctula,1,A3,13/07/2018,23:25:01,55.15971667,-3.157716667
Pipistrellus pipistrellus,1,A3,13/07/2018,23:27:43,55.15971667,-3.157716667
Pipistrellus pipistrellus,1,A3,13/07/2018,23:27:59,55.15971667,-3.157716667
Nyctalus noctula,1,A3,13/07/2018,23:30:03,55.15971667,-3.157716667
Pipistrellus pipistrellus,1,A3,13/07/2018,23:30:28,55.15971667,-3.157716667
Pipistrellus pipistrellus,1,A3,13/07/2018,23:30:32,55.15971667,-3.157716667
Pipistrellus pipistrellus,1,A3,13/07/2018,23:30:43,55.15971667,-3.157716667
Pipistrellus pipistrellus,1,A3,13/07/2018,23:30:51,55.15971667,-3.157716667
Pipistrellus pipistrellus,1,A3,13/07/2018,23:31:20,55.15971667,-3.157716667
Pipistrellus pipistrellus,1,A3,13/07/2018,23:31:27,55.15971667,-3.157716667
Pipistrellus pipistrellus,1,A3,13/07/2018,23:31:34,55.15971667,-3.157716667
Pipistrellus pipistrellus,1,A3,13/07/2018,23:31:41,55.15971667,-3.157716667
Pipistrellus pipistrellus,1,A3,13/07/2018,23:31:46,55.15971667,-3.157716667
Nyctalus leisleri,1,A3,13/07/2018,23:35:22,55.15971667,-3.157716667
Nyctalus leisleri,1,A3,13/07/2018,23:35:27,55.15971667,-3.157716667
Nyctalus noctula,1,A3,13/07/2018,23:35:31,55.15971667,-3.157716667
Pipistrellus pipistrellus,1,A3,13/07/2018,23:36:22,55.15971667,-3.157716667
Pipistrellus pipistrellus,1,A3,13/07/2018,23:49:11,55.15971667,-3.157716667
Pipistrellus pipistrellus,1,A3,13/07/2018,23:51:52,55.15971667,-3.157716667
Pipistrellus pipistrellus,1,A3,13/07/2018,23:54:30,55.15971667,-3.157716667
Pipistrellus pipistrellus,1,A3,13/07/2018,23:57:41,55.15971667,-3.157716667
Pipistrellus pipistrellus,1,A3,13/07/2018,23:58:37,55.15971667,-3.157716667
Pipistrellus pipistrellus,1,A3,13/07/2018,23:58:59,55.15971667,-3.157716667
Pipistrellus pipistrellus,1,A3,13/07/2018,23:59:45,55.15971667,-3.157716667
Nyctalus leisleri,1,A3,15/07/2018,00:28:41,55.15971667,-3.157716667
Nyctalus leisleri,1,A3,15/07/2018,00:28:57,55.15971667,-3.157716667
Nyctalus leisleri,1,A3,14/07/2018,23:33:32,55.15971667,-3.157716667
Pipistrellus pipistrellus,1,A3,17/07/2018,00:04:48,55.15971667,-3.157716667
Pipistrellus pipistrellus,1,A3,17/07/2018,00:06:24,55.15971667,-3.157716667
Pipistrellus pipistrellus,1,A3,17/07/2018,00:10:21,55.15971667,-3.157716667
Pipistrellus pipistrellus,1,A3,17/07/2018,00:10:42,55.15971667,-3.157716667
Pipistrellus pipistrellus,1,A3,17/07/2018,00:13:44,55.15971667,-3.157716667
Pipistrellus pipistrellus,1,A3,17/07/2018,00:14:24,55.15971667,-3.157716667
Pipistrellus pipistrellus,1,A3,17/07/2018,00:15:25,55.15971667,-3.157716667
Pipistrellus pipistrellus,1,A3,17/07/2018,00:16:01,55.15971667,-3.157716667
Pipistrellus pipistrellus,1,A3,17/07/2018,00:16:10,55.15971667,-3.157716667
Pipistrellus pipistrellus,1,A3,17/07/2018,00:16:49,55.15971667,-3.157716667
Pipistrellus pipistrellus,1,A3,17/07/2018,00:17:49,55.15971667,-3.157716667
Pipistrellus pipistrellus,1,A3,17/07/2018,00:17:59,55.15971667,-3.157716667
Pipistrellus pipistrellus,1,A3,17/07/2018,00:18:35,55.15971667,-3.157716667
Pipistrellus pipistrellus,1,A3,17/07/2018,00:18:48,55.15971667,-3.157716667
Pipistrellus pipistrellus,1,A3,17/07/2018,00:20:14,55.15971667,-3.157716667
Pipistrellus pipistrellus,1,A3,17/07/2018,00:20:28,55.15971667,-3.157716667
Pipistrellus pipistrellus,1,A3,17/07/2018,00:21:14,55.15971667,-3.157716667
Pipistrellus pipistrellus,1,A3,17/07/2018,00:21:26,55.15971667,-3.157716667
Pipistrellus pipistrellus,1,A3,17/07/2018,00:22:25,55.15971667,-3.157716667
Pipistrellus pipistrellus,1,A3,17/07/2018,00:27:15,55.15971667,-3.157716667
Pipistrellus pipistrellus,1,A3,17/07/2018,00:28:34,55.15971667,-3.157716667
Pipistrellus pipistrellus,1,A3,17/07/2018,00:29:47,55.15971667,-3.157716667
Pipistrellus pipistrellus,1,A3,17/07/2018,00:33:07,55.15971667,-3.157716667
Pipistrellus pipistrellus,1,A3,17/07/2018,00:39:31,55.15971667,-3.157716667
Pipistrellus pipistrellus,1,A3,17/07/2018,00:42:17,55.15971667,-3.157716667
Pipistrellus pipistrellus,1,A3,17/07/2018,00:42:35,55.15971667,-3.157716667
Pipistrellus pipistrellus,1,A3,17/07/2018,02:11:05,55.15971667,-3.157716667
Pipistrellus pipistrellus,1,A3,17/07/2018,02:13:04,55.15971667,-3.157716667
Pipistrellus pipistrellus,1,A3,17/07/2018,02:13:06,55.15971667,-3.157716667
Pipistrellus pipistrellus,1,A3,17/07/2018,02:13:18,55.15971667,-3.157716667
Pipistrellus pipistrellus,1,A3,17/07/2018,02:39:02,55.15971667,-3.157716667
Pipistrellus pipistrellus,1,A3,17/07/2018,02:40:28,55.15971667,-3.157716667
Pipistrellus pipistrellus,1,A3,17/07/2018,02:40:31,55.15971667,-3.157716667
Pipistrellus pipistrellus,1,A3,17/07/2018,03:49:46,55.15971667,-3.157716667
Pipistrellus pipistrellus,1,A3,17/07/2018,03:49:55,55.15971667,-3.157716667
Pipistrellus pipistrellus,1,A3,17/07/2018,03:50:02,55.15971667,-3.157716667
Pipistrellus pipistrellus,1,A3,17/07/2018,03:50:10,55.15971667,-3.157716667
Pipistrellus pipistrellus,1,A3,17/07/2018,03:50:18,55.15971667,-3.157716667
Pipistrellus pipistrellus,1,A3,17/07/2018,03:50:26,55.15971667,-3.157716667
Pipistrellus pipistrellus,1,A3,17/07/2018,03:50:36,55.15971667,-3.157716667
Pipistrellus pipistrellus,1,A3,17/07/2018,03:50:50,55.15971667,-3.157716667
Pipistrellus pipistrellus,1,A3,17/07/2018,03:50:56,55.15971667,-3.157716667
Pipistrellus pipistrellus,1,A3,17/07/2018,03:51:06,55.15971667,-3.157716667
Pipistrellus pipistrellus,1,A3,17/07/2018,03:51:56,55.15971667,-3.157716667
Pipistrellus pipistrellus,1,A3,17/07/2018,03:52:09,55.15971667,-3.157716667
Pipistrellus pipistrellus,1,A3,17/07/2018,03:52:34,55.15971667,-3.157716667
Pipistrellus pipistrellus,1,A3,17/07/2018,03:52:37,55.15971667,-3.157716667
Pipistrellus pipistrellus,1,A3,17/07/2018,03:52:45,55.15971667,-3.157716667
Pipistrellus pipistrellus,1,A3,16/07/2018,22:39:19,55.15971667,-3.157716667
Pipistrellus pipistrellus,1,A3,16/07/2018,22:39:58,55.15971667,-3.157716667
Pipistrellus pipistrellus,1,A3,16/07/2018,22:40:02,55.15971667,-3.157716667
Pipistrellus pipistrellus,1,A3,16/07/2018,22:40:24,55.15971667,-3.157716667
Pipistrellus pipistrellus,1,A3,16/07/2018,22:40:46,55.15971667,-3.157716667
Pipistrellus pipistrellus,1,A3,16/07/2018,22:40:56,55.15971667,-3.157716667
Pipistrellus pipistrellus,1,A3,16/07/2018,22:41:20,55.15971667,-3.157716667
Pipistrellus pipistrellus,1,A3,16/07/2018,22:42:43,55.15971667,-3.157716667
Pipistrellus pipistrellus,1,A3,16/07/2018,22:43:10,55.15971667,-3.157716667
Pipistrellus pipistrellus,1,A3,16/07/2018,22:43:36,55.15971667,-3.157716667
Pipistrellus pipistrellus,1,A3,16/07/2018,22:44:03,55.15971667,-3.157716667
Pipistrellus pipistrellus,1,A3,16/07/2018,22:44:06,55.15971667,-3.157716667
Pipistrellus pipistrellus,1,A3,16/07/2018,22:47:43,55.15971667,-3.157716667
Pipistrellus pipistrellus,1,A3,16/07/2018,22:48:15,55.15971667,-3.157716667
Pipistrellus pipistrellus,1,A3,16/07/2018,22:48:27,55.15971667,-3.157716667
Pipistrellus pipistrellus,1,A3,16/07/2018,22:48:35,55.15971667,-3.157716667
Pipistrellus pipistrellus,1,A3,16/07/2018,22:48:45,55.15971667,-3.157716667
Pipistrellus pipistrellus,1,A3,16/07/2018,22:49:16,55.15971667,-3.157716667
Pipistrellus pipistrellus,1,A3,16/07/2018,22:49:42,55.15971667,-3.157716667
Pipistrellus pipistrellus,1,A3,16/07/2018,22:49:47,55.15971667,-3.157716667
Pipistrellus pipistrellus,2,A3,16/07/2018,22:49:52,55.15971667,-3.157716667
Pipistrellus pipistrellus,1,A3,16/07/2018,22:49:59,55.15971667,-3.157716667
Pipistrellus pipistrellus,1,A3,16/07/2018,22:50:04,55.15971667,-3.157716667
Pipistrellus pipistrellus,1,A3,16/07/2018,22:51:23,55.15971667,-3.157716667
Pipistrellus pipistrellus,1,A3,16/07/2018,22:51:27,55.15971667,-3.157716667
Pipistrellus pipistrellus,1,A3,16/07/2018,22:52:20,55.15971667,-3.157716667
Pipistrellus pipistrellus,1,A3,16/07/2018,22:54:47,55.15971667,-3.157716667
Pipistrellus pipistrellus,2,A3,16/07/2018,22:54:51,55.15971667,-3.157716667
Pipistrellus pipistrellus,1,A3,16/07/2018,22:55:04,55.15971667,-3.157716667
Pipistrellus pipistrellus,1,A3,16/07/2018,22:55:12,55.15971667,-3.157716667
Pipistrellus pipistrellus,1,A3,16/07/2018,22:55:18,55.15971667,-3.157716667
Pipistrellus pipistrellus,1,A3,16/07/2018,22:55:34,55.15971667,-3.157716667
Pipistrellus pipistrellus,1,A3,16/07/2018,22:55:49,55.15971667,-3.157716667
Pipistrellus pipistrellus,1,A3,16/07/2018,22:56:03,55.15971667,-3.157716667
Pipistrellus pipistrellus,1,A3,16/07/2018,22:56:09,55.15971667,-3.157716667
Pipistrellus pipistrellus,1,A3,16/07/2018,22:56:16,55.15971667,-3.157716667
Pipistrellus pipistrellus,1,A3,16/07/2018,22:56:24,55.15971667,-3.157716667
Pipistrellus pipistrellus,1,A3,16/07/2018,22:56:29,55.15971667,-3.157716667
Pipistrellus pipistrellus,1,A3,16/07/2018,22:57:03,55.15971667,-3.157716667
Pipistrellus pipistrellus,1,A3,16/07/2018,22:57:12,55.15971667,-3.157716667
Pipistrellus pipistrellus,1,A3,16/07/2018,22:57:25,55.15971667,-3.157716667
Pipistrellus pipistrellus,1,A3,16/07/2018,22:57:34,55.15971667,-3.157716667
Pipistrellus pipistrellus,2,A3,16/07/2018,22:57:43,55.15971667,-3.157716667
Pipistrellus pipistrellus,1,A3,16/07/2018,22:58:54,55.15971667,-3.157716667
Pipistrellus pipistrellus,1,A3,16/07/2018,22:59:03,55.15971667,-3.157716667
Pipistrellus pipistrellus,1,A3,16/07/2018,22:59:11,55.15971667,-3.157716667
Pipistrellus pipistrellus,2,A3,16/07/2018,22:59:39,55.15971667,-3.157716667
Pipistrellus pipistrellus,1,A3,16/07/2018,22:59:54,55.15971667,-3.157716667
Pipistrellus pipistrellus,1,A3,16/07/2018,23:00:36,55.15971667,-3.157716667
Pipistrellus pipistrellus,2,A3,16/07/2018,23:00:47,55.15971667,-3.157716667
Pipistrellus pipistrellus,1,A3,16/07/2018,23:01:27,55.15971667,-3.157716667
Pipistrellus pipistrellus,1,A3,16/07/2018,23:01:41,55.15971667,-3.157716667
Pipistrellus pipistrellus,1,A3,16/07/2018,23:01:44,55.15971667,-3.157716667
Pipistrellus pipistrellus,1,A3,16/07/2018,23:01:52,55.15971667,-3.157716667
Pipistrellus pipistrellus,1,A3,16/07/2018,23:01:57,55.15971667,-3.157716667
Pipistrellus pipistrellus,1,A3,16/07/2018,23:02:06,55.15971667,-3.157716667
Pipistrellus pipistrellus,1,A3,16/07/2018,23:02:30,55.15971667,-3.157716667
Pipistrellus pipistrellus,1,A3,16/07/2018,23:02:42,55.15971667,-3.157716667
Pipistrellus pipistrellus,1,A3,16/07/2018,23:03:17,55.15971667,-3.157716667
Pipistrellus pipistrellus,1,A3,16/07/2018,23:04:39,55.15971667,-3.157716667
Pipistrellus pipistrellus,2,A3,16/07/2018,23:04:55,55.15971667,-3.157716667
Pipistrellus pygmaeus,1,A3,16/07/2018,23:05:08,55.15971667,-3.157716667
Pipistrellus pipistrellus,1,A3,16/07/2018,23:05:18,55.15971667,-3.157716667
Pipistrellus pipistrellus,1,A3,16/07/2018,23:05:44,55.15971667,-3.157716667
Pipistrellus pipistrellus,1,A3,16/07/2018,23:06:05,55.15971667,-3.157716667
Pipistrellus pipistrellus,1,A3,16/07/2018,23:06:32,55.15971667,-3.157716667
Pipistrellus pipistrellus,1,A3,16/07/2018,23:06:35,55.15971667,-3.157716667
Pipistrellus pipistrellus,1,A3,16/07/2018,23:07:31,55.15971667,-3.157716667
Pipistrellus pipistrellus,1,A3,16/07/2018,23:08:59,55.15971667,-3.157716667
Pipistrellus pipistrellus,1,A3,16/07/2018,23:09:24,55.15971667,-3.157716667
Pipistrellus pipistrellus,1,A3,16/07/2018,23:09:27,55.15971667,-3.157716667
Pipistrellus pipistrellus,1,A3,16/07/2018,23:10:27,55.15971667,-3.157716667
Pipistrellus pipistrellus,1,A3,16/07/2018,23:11:48,55.15971667,-3.157716667
Pipistrellus pipistrellus,1,A3,16/07/2018,23:12:50,55.15971667,-3.157716667
Pipistrellus pipistrellus,1,A3,16/07/2018,23:12:57,55.15971667,-3.157716667
Pipistrellus pipistrellus,1,A3,16/07/2018,23:13:47,55.15971667,-3.157716667
Pipistrellus pipistrellus,1,A3,16/07/2018,23:13:51,55.15971667,-3.157716667
Pipistrellus pipistrellus,1,A3,16/07/2018,23:14:56,55.15971667,-3.157716667
Pipistrellus pipistrellus,1,A3,16/07/2018,23:26:15,55.15971667,-3.157716667
Pipistrellus pipistrellus,1,A3,16/07/2018,23:27:33,55.15971667,-3.157716667
Pipistrellus pipistrellus,1,A3,16/07/2018,23:28:27,55.15971667,-3.157716667
Pipistrellus pipistrellus,1,A3,16/07/2018,23:28:38,55.15971667,-3.157716667
Pipistrellus pipistrellus,1,A3,16/07/2018,23:29:53,55.15971667,-3.157716667
Pipistrellus pipistrellus,1,A3,16/07/2018,23:32:39,55.15971667,-3.157716667
Pipistrellus pipistrellus,1,A3,16/07/2018,23:32:56,55.15971667,-3.157716667
Pipistrellus pipistrellus,1,A3,16/07/2018,23:34:37,55.15971667,-3.157716667
Pipistrellus pipistrellus,1,A3,16/07/2018,23:37:33,55.15971667,-3.157716667
Pipistrellus pipistrellus,1,A3,16/07/2018,23:38:56,55.15971667,-3.157716667
Pipistrellus pipistrellus,1,A3,16/07/2018,23:39:16,55.15971667,-3.157716667
Pipistrellus pipistrellus,1,A3,16/07/2018,23:39:24,55.15971667,-3.157716667
Pipistrellus pipistrellus,1,A3,16/07/2018,23:39:32,55.15971667,-3.157716667
Pipistrellus pipistrellus,2,A3,16/07/2018,23:40:15,55.15971667,-3.157716667
Pipistrellus pipistrellus,1,A3,16/07/2018,23:40:38,55.15971667,-3.157716667
Pipistrellus pipistrellus,1,A3,16/07/2018,23:41:01,55.15971667,-3.157716667
Pipistrellus pipistrellus,1,A3,16/07/2018,23:41:29,55.15971667,-3.157716667
Pipistrellus pipistrellus,2,A3,16/07/2018,23:42:34,55.15971667,-3.157716667
Pipistrellus pipistrellus,1,A3,16/07/2018,23:43:26,55.15971667,-3.157716667
Pipistrellus pipistrellus,1,A3,16/07/2018,23:43:44,55.15971667,-3.157716667
Pipistrellus pipistrellus,1,A3,16/07/2018,23:44:17,55.15971667,-3.157716667
Pipistrellus pipistrellus,1,A3,16/07/2018,23:44:25,55.15971667,-3.157716667
Pipistrellus pipistrellus,1,A3,16/07/2018,23:44:45,55.15971667,-3.157716667
Pipistrellus pipistrellus,1,A3,16/07/2018,23:45:01,55.15971667,-3.157716667
Pipistrellus pipistrellus,1,A3,16/07/2018,23:45:13,55.15971667,-3.157716667
Pipistrellus pipistrellus,1,A3,16/07/2018,23:45:24,55.15971667,-3.157716667
Pipistrellus pipistrellus,1,A3,16/07/2018,23:45:29,55.15971667,-3.157716667
Pipistrellus pipistrellus,1,A3,16/07/2018,23:45:47,55.15971667,-3.157716667
Pipistrellus pipistrellus,2,A3,16/07/2018,23:45:54,55.15971667,-3.157716667
Pipistrellus pipistrellus,1,A3,16/07/2018,23:46:27,55.15971667,-3.157716667
Pipistrellus pipistrellus,1,A3,16/07/2018,23:47:43,55.15971667,-3.157716667
Pipistrellus pygmaeus,1,A3,16/07/2018,23:48:52,55.15971667,-3.157716667
Pipistrellus pygmaeus,1,A3,16/07/2018,23:50:27,55.15971667,-3.157716667
Pipistrellus pipistrellus,1,A3,16/07/2018,23:50:36,55.15971667,-3.157716667
Pipistrellus pipistrellus,1,A3,16/07/2018,23:50:39,55.15971667,-3.157716667
Pipistrellus pipistrellus,1,A3,16/07/2018,23:59:09,55.15971667,-3.157716667
Nyctalus leisleri,1,A3,18/07/2018,01:05:39,55.15971667,-3.157716667
Nyctalus leisleri,1,A3,18/07/2018,01:48:24,55.15971667,-3.157716667
Nyctalus noctula,1,A3,18/07/2018,01:48:30,55.15971667,-3.157716667
Nyctalus noctula,1,A3,18/07/2018,02:26:00,55.15971667,-3.157716667
Nyctalus noctula,1,A3,18/07/2018,02:33:15,55.15971667,-3.157716667
Pipistrellus pipistrellus,1,A3,18/07/2018,02:34:34,55.15971667,-3.157716667
Nyctalus noctula,1,A3,18/07/2018,03:24:30,55.15971667,-3.157716667
Nyctalus noctula,1,A3,18/07/2018,03:24:36,55.15971667,-3.157716667
Pipistrellus pipistrellus,1,A3,19/07/2018,00:00:35,55.15971667,-3.157716667
Pipistrellus pipistrellus,1,A3,19/07/2018,00:00:42,55.15971667,-3.157716667
Pipistrellus pipistrellus,1,A3,19/07/2018,00:12:49,55.15971667,-3.157716667
Pipistrellus pipistrellus,1,A3,19/07/2018,00:16:57,55.15971667,-3.157716667
Pipistrellus pipistrellus,1,A3,19/07/2018,00:17:12,55.15971667,-3.157716667
Pipistrellus pipistrellus,1,A3,19/07/2018,00:21:15,55.15971667,-3.157716667
Pipistrellus pipistrellus,1,A3,19/07/2018,00:24:42,55.15971667,-3.157716667
Nyctalus noctula,1,A3,19/07/2018,00:26:15,55.15971667,-3.157716667
Pipistrellus pipistrellus,1,A3,19/07/2018,01:35:50,55.15971667,-3.157716667
Nyctalus noctula,1,A3,19/07/2018,01:59:14,55.15971667,-3.157716667
Pipistrellus pipistrellus,1,A3,18/07/2018,22:41:41,55.15971667,-3.157716667
Pipistrellus pipistrellus,1,A3,18/07/2018,22:41:48,55.15971667,-3.157716667
Pipistrellus pipistrellus,1,A3,18/07/2018,22:41:52,55.15971667,-3.157716667
Pipistrellus pipistrellus,1,A3,18/07/2018,22:41:57,55.15971667,-3.157716667
Pipistrellus pipistrellus,1,A3,18/07/2018,22:42:19,55.15971667,-3.157716667
Pipistrellus pipistrellus,1,A3,18/07/2018,22:42:27,55.15971667,-3.157716667
Pipistrellus pipistrellus,1,A3,18/07/2018,22:42:34,55.15971667,-3.157716667
Pipistrellus pipistrellus,1,A3,18/07/2018,22:43:18,55.15971667,-3.157716667
Pipistrellus pipistrellus,1,A3,18/07/2018,22:43:26,55.15971667,-3.157716667
Pipistrellus pipistrellus,1,A3,18/07/2018,22:45:53,55.15971667,-3.157716667
Pipistrellus pipistrellus,1,A3,18/07/2018,22:45:59,55.15971667,-3.157716667
Pipistrellus pipistrellus,1,A3,18/07/2018,22:46:07,55.15971667,-3.157716667
Pipistrellus pipistrellus,1,A3,18/07/2018,22:46:15,55.15971667,-3.157716667
Pipistrellus pipistrellus,1,A3,18/07/2018,22:46:20,55.15971667,-3.157716667
Pipistrellus pipistrellus,1,A3,18/07/2018,22:46:26,55.15971667,-3.157716667
Pipistrellus pipistrellus,1,A3,18/07/2018,22:46:35,55.15971667,-3.157716667
Pipistrellus pipistrellus,1,A3,18/07/2018,22:46:43,55.15971667,-3.157716667
Pipistrellus pipistrellus,1,A3,18/07/2018,22:46:52,55.15971667,-3.157716667
Pipistrellus pipistrellus,1,A3,18/07/2018,22:46:58,55.15971667,-3.157716667
Pipistrellus pipistrellus,1,A3,18/07/2018,22:47:05,55.15971667,-3.157716667
Pipistrellus pipistrellus,1,A3,18/07/2018,22:47:15,55.15971667,-3.157716667
Pipistrellus pipistrellus,1,A3,18/07/2018,22:47:18,55.15971667,-3.157716667
Pipistrellus pipistrellus,1,A3,18/07/2018,22:47:25,55.15971667,-3.157716667
Pipistrellus pipistrellus,1,A3,18/07/2018,22:47:30,55.15971667,-3.157716667
Pipistrellus pipistrellus,1,A3,18/07/2018,22:47:38,55.15971667,-3.157716667
Pipistrellus pipistrellus,1,A3,18/07/2018,22:47:52,55.15971667,-3.157716667
Pipistrellus pipistrellus,1,A3,18/07/2018,22:48:17,55.15971667,-3.157716667
Pipistrellus pipistrellus,1,A3,18/07/2018,22:48:28,55.15971667,-3.157716667
Pipistrellus pipistrellus,1,A3,18/07/2018,22:50:20,55.15971667,-3.157716667
Pipistrellus pipistrellus,1,A3,18/07/2018,22:50:26,55.15971667,-3.157716667
Pipistrellus pipistrellus,1,A3,18/07/2018,22:51:08,55.15971667,-3.157716667
Pipistrellus pipistrellus,1,A3,18/07/2018,22:53:54,55.15971667,-3.157716667
Pipistrellus pipistrellus,1,A3,18/07/2018,22:54:57,55.15971667,-3.157716667
Pipistrellus pygmaeus,1,A3,18/07/2018,22:55:41,55.15971667,-3.157716667
Nyctalus noctula,1,A3,18/07/2018,22:55:53,55.15971667,-3.157716667
Pipistrellus pipistrellus,1,A3,18/07/2018,22:57:47,55.15971667,-3.157716667
Pipistrellus pipistrellus,1,A3,18/07/2018,22:58:24,55.15971667,-3.157716667
Pipistrellus pipistrellus,1,A3,18/07/2018,22:58:29,55.15971667,-3.157716667
Pipistrellus pipistrellus,1,A3,18/07/2018,23:05:37,55.15971667,-3.157716667
Pipistrellus pipistrellus,1,A3,18/07/2018,23:05:44,55.15971667,-3.157716667
Pipistrellus pipistrellus,1,A3,18/07/2018,23:06:19,55.15971667,-3.157716667
Pipistrellus pygmaeus,1,A3,18/07/2018,23:31:20,55.15971667,-3.157716667
Nyctalus noctula,1,A3,18/07/2018,23:33:08,55.15971667,-3.157716667
Nyctalus noctula,1,A3,18/07/2018,23:33:14,55.15971667,-3.157716667
Pipistrellus pipistrellus,1,A3,18/07/2018,23:59:17,55.15971667,-3.157716667
Pipistrellus pygmaeus,1,A3,20/07/2018,00:01:23,55.15971667,-3.157716667
Pipistrellus pipistrellus,1,A3,20/07/2018,02:56:43,55.15971667,-3.157716667
Pipistrellus pipistrellus,1,A3,19/07/2018,23:13:54,55.15971667,-3.157716667
Pipistrellus pipistrellus,1,A3,19/07/2018,23:13:59,55.15971667,-3.157716667
Pipistrellus pipistrellus,1,A3,19/07/2018,23:27:16,55.15971667,-3.157716667
Pipistrellus pipistrellus,1,A3,19/07/2018,23:28:44,55.15971667,-3.157716667
Pipistrellus pipistrellus,1,A3,19/07/2018,23:29:49,55.15971667,-3.157716667
Pipistrellus pipistrellus,1,A3,20/07/2018,22:22:30,55.15971667,-3.157716667
Pipistrellus pipistrellus,1,A3,21/07/2018,23:45:48,55.15971667,-3.157716667
Pipistrellus pipistrellus,1,A3,25/07/2018,00:46:22,55.15971667,-3.157716667
Pipistrellus pipistrellus,1,A3,25/07/2018,00:53:07,55.15971667,-3.157716667
Nyctalus noctula,1,A3,25/07/2018,01:19:38,55.15971667,-3.157716667
Nyctalus leisleri,1,A3,25/07/2018,01:27:42,55.15971667,-3.157716667
Nyctalus spp.,1,A3,25/07/2018,01:27:48,55.15971667,-3.157716667
Nyctalus leisleri,1,A3,25/07/2018,01:27:57,55.15971667,-3.157716667
Nyctalus leisleri,1,A3,25/07/2018,01:28:12,55.15971667,-3.157716667
Pipistrellus pipistrellus,1,A3,25/07/2018,01:44:11,55.15971667,-3.157716667
Myotis spp.,1,A3,25/07/2018,02:29:23,55.15971667,-3.157716667
Nyctalus noctula,1,A3,25/07/2018,02:50:15,55.15971667,-3.157716667
Nyctalus noctula,1,A3,25/07/2018,02:50:19,55.15971667,-3.157716667
Myotis spp.,1,A3,25/07/2018,03:04:06,55.15971667,-3.157716667
Nyctalus noctula,1,A3,25/07/2018,03:46:53,55.15971667,-3.157716667
Nyctalus noctula,1,A3,25/07/2018,03:46:56,55.15971667,-3.157716667
Pipistrellus pipistrellus,1,A3,24/07/2018,22:53:37,55.15971667,-3.157716667
Pipistrellus pipistrellus,1,A3,24/07/2018,23:13:13,55.15971667,-3.157716667
Pipistrellus pipistrellus,1,A3,24/07/2018,23:13:30,55.15971667,-3.157716667
Pipistrellus pipistrellus,1,A3,24/07/2018,23:13:53,55.15971667,-3.157716667
Pipistrellus pipistrellus,1,A3,24/07/2018,23:14:52,55.15971667,-3.157716667
Pipistrellus pipistrellus,1,A3,24/07/2018,23:15:00,55.15971667,-3.157716667
Pipistrellus pipistrellus,1,A3,24/07/2018,23:15:03,55.15971667,-3.157716667
Myotis spp.,1,A3,24/07/2018,23:34:11,55.15971667,-3.157716667
Pipistrellus pipistrellus,1,A3,26/07/2018,00:03:54,55.15971667,-3.157716667
Pipistrellus pygmaeus,1,A3,26/07/2018,00:11:45,55.15971667,-3.157716667
Nyctalus noctula,1,A3,25/07/2018,22:30:08,55.15971667,-3.157716667
Pipistrellus pygmaeus,1,A3,25/07/2018,22:55:41,55.15971667,-3.157716667
Pipistrellus pygmaeus,2,A3,25/07/2018,22:55:48,55.15971667,-3.157716667
Pipistrellus pygmaeus,1,A3,25/07/2018,22:55:57,55.15971667,-3.157716667
Pipistrellus pygmaeus,1,A3,25/07/2018,22:56:06,55.15971667,-3.157716667
Pipistrellus pipistrellus,1,A3,25/07/2018,22:57:02,55.15971667,-3.157716667
Pipistrellus pipistrellus,1,A3,25/07/2018,22:57:11,55.15971667,-3.157716667
Pipistrellus pipistrellus,1,A3,25/07/2018,22:57:18,55.15971667,-3.157716667
Pipistrellus pipistrellus,1,A3,25/07/2018,22:57:24,55.15971667,-3.157716667
Pipistrellus pipistrellus,1,A3,25/07/2018,23:02:44,55.15971667,-3.157716667
Pipistrellus pipistrellus,1,A3,25/07/2018,23:02:52,55.15971667,-3.157716667
Pipistrellus pygmaeus,1,A3,25/07/2018,23:11:29,55.15971667,-3.157716667
Pipistrellus pipistrellus,1,A3,25/07/2018,23:13:31,55.15971667,-3.157716667
Pipistrellus pipistrellus,1,A3,25/07/2018,23:13:34,55.15971667,-3.157716667
Pipistrellus pipistrellus,1,A3,25/07/2018,23:13:42,55.15971667,-3.157716667
Pipistrellus pygmaeus,1,A3,25/07/2018,23:16:14,55.15971667,-3.157716667
Pipistrellus pygmaeus,1,A3,25/07/2018,23:18:39,55.15971667,-3.157716667
Pipistrellus pipistrellus,1,A3,25/07/2018,23:24:40,55.15971667,-3.157716667
Pipistrellus pipistrellus,1,A3,25/07/2018,23:24:46,55.15971667,-3.157716667
Pipistrellus pipistrellus,1,A3,25/07/2018,23:29:10,55.15971667,-3.157716667
Pipistrellus pipistrellus,1,A3,25/07/2018,23:30:50,55.15971667,-3.157716667
Nyctalus noctula,1,A3,25/07/2018,23:33:14,55.15971667,-3.157716667
Nyctalus noctula,1,A3,25/07/2018,23:33:21,55.15971667,-3.157716667
Pipistrellus pipistrellus,1,A3,25/07/2018,23:35:00,55.15971667,-3.157716667
Pipistrellus pipistrellus,1,A3,25/07/2018,23:49:33,55.15971667,-3.157716667
Nyctalus leisleri,1,A3,27/07/2018,00:01:54,55.15971667,-3.157716667
Pipistrellus pygmaeus,1,A3,27/07/2018,00:23:00,55.15971667,-3.157716667
Pipistrellus pygmaeus,1,A3,27/07/2018,00:24:00,55.15971667,-3.157716667
Pipistrellus pygmaeus,1,A3,27/07/2018,00:25:47,55.15971667,-3.157716667
Pipistrellus pipistrellus,1,A3,27/07/2018,00:29:10,55.15971667,-3.157716667
Nyctalus leisleri,1,A3,27/07/2018,00:39:13,55.15971667,-3.157716667
Nyctalus noctula,1,A3,27/07/2018,00:40:49,55.15971667,-3.157716667
Nyctalus noctula,1,A3,27/07/2018,00:40:58,55.15971667,-3.157716667
Pipistrellus pygmaeus,1,A3,27/07/2018,00:43:17,55.15971667,-3.157716667
Pipistrellus pygmaeus,1,A3,27/07/2018,00:54:36,55.15971667,-3.157716667
Pipistrellus pipistrellus,1,A3,27/07/2018,01:04:49,55.15971667,-3.157716667
Pipistrellus pipistrellus,1,A3,27/07/2018,01:10:03,55.15971667,-3.157716667
Nyctalus leisleri,1,A3,27/07/2018,01:14:07,55.15971667,-3.157716667
Nyctalus leisleri,1,A3,27/07/2018,01:14:17,55.15971667,-3.157716667
Nyctalus spp.,1,A3,27/07/2018,01:14:53,55.15971667,-3.157716667
Pipistrellus pygmaeus,1,A3,27/07/2018,01:14:53,55.15971667,-3.157716667
Nyctalus leisleri,1,A3,27/07/2018,01:14:56,55.15971667,-3.157716667
Pipistrellus pygmaeus,1,A3,27/07/2018,01:14:56,55.15971667,-3.157716667
Pipistrellus pygmaeus,1,A3,27/07/2018,01:15:01,55.15971667,-3.157716667
Pipistrellus pygmaeus,1,A3,27/07/2018,01:15:20,55.15971667,-3.157716667
Nyctalus spp.,1,A3,27/07/2018,01:15:39,55.15971667,-3.157716667
Pipistrellus pygmaeus,1,A3,27/07/2018,01:15:39,55.15971667,-3.157716667
Nyctalus noctula,1,A3,27/07/2018,01:15:45,55.15971667,-3.157716667
Pipistrellus pygmaeus,1,A3,27/07/2018,01:15:45,55.15971667,-3.157716667
Pipistrellus pipistrellus,1,A3,27/07/2018,01:15:55,55.15971667,-3.157716667
Pipistrellus pipistrellus,1,A3,27/07/2018,01:16:02,55.15971667,-3.157716667
Pipistrellus pipistrellus,1,A3,27/07/2018,01:16:07,55.15971667,-3.157716667
Pipistrellus pipistrellus,1,A3,27/07/2018,01:16:09,55.15971667,-3.157716667
Pipistrellus pygmaeus,1,A3,27/07/2018,01:16:19,55.15971667,-3.157716667
Pipistrellus pygmaeus,1,A3,27/07/2018,01:16:26,55.15971667,-3.157716667
Pipistrellus pipistrellus,1,A3,27/07/2018,01:16:32,55.15971667,-3.157716667
Nyctalus leisleri,1,A3,27/07/2018,01:16:32,55.15971667,-3.157716667
Nyctalus spp.,1,A3,27/07/2018,01:16:36,55.15971667,-3.157716667
Nyctalus noctula,1,A3,27/07/2018,01:16:39,55.15971667,-3.157716667
Pipistrellus pipistrellus,1,A3,27/07/2018,01:41:57,55.15971667,-3.157716667
Pipistrellus pipistrellus,1,A3,27/07/2018,02:07:18,55.15971667,-3.157716667
Pipistrellus pipistrellus,1,A3,27/07/2018,02:07:26,55.15971667,-3.157716667
Pipistrellus pipistrellus,1,A3,27/07/2018,02:07:30,55.15971667,-3.157716667
Pipistrellus pipistrellus,1,A3,27/07/2018,02:07:44,55.15971667,-3.157716667
Pipistrellus pipistrellus,1,A3,27/07/2018,02:08:00,55.15971667,-3.157716667
Pipistrellus pygmaeus,1,A3,27/07/2018,02:26:30,55.15971667,-3.157716667
Pipistrellus pygmaeus,1,A3,27/07/2018,02:26:37,55.15971667,-3.157716667
Pipistrellus pygmaeus,1,A3,27/07/2018,02:26:43,55.15971667,-3.157716667
Pipistrellus pygmaeus,1,A3,27/07/2018,02:26:46,55.15971667,-3.157716667
Pipistrellus pygmaeus,1,A3,27/07/2018,02:26:52,55.15971667,-3.157716667
Pipistrellus pygmaeus,1,A3,27/07/2018,02:26:55,55.15971667,-3.157716667
Pipistrellus pygmaeus,1,A3,27/07/2018,02:29:13,55.15971667,-3.157716667
Nyctalus noctula,1,A3,27/07/2018,02:36:03,55.15971667,-3.157716667
Pipistrellus pygmaeus,1,A3,27/07/2018,03:03:01,55.15971667,-3.157716667
Pipistrellus pygmaeus,1,A3,27/07/2018,03:26:13,55.15971667,-3.157716667
Pipistrellus pipistrellus,1,A3,27/07/2018,03:27:22,55.15971667,-3.157716667
Pipistrellus pipistrellus,1,A3,27/07/2018,03:59:27,55.15971667,-3.157716667
Pipistrellus pipistrellus,1,A3,27/07/2018,03:59:32,55.15971667,-3.157716667
Nyctalus noctula,1,A3,26/07/2018,22:36:57,55.15971667,-3.157716667
Nyctalus noctula,1,A3,26/07/2018,22:37:02,55.15971667,-3.157716667
Pipistrellus pygmaeus,1,A3,26/07/2018,22:44:38,55.15971667,-3.157716667
Pipistrellus pygmaeus,1,A3,26/07/2018,22:44:46,55.15971667,-3.157716667
Pipistrellus pygmaeus,1,A3,26/07/2018,22:44:52,55.15971667,-3.157716667
Pipistrellus pygmaeus,1,A3,26/07/2018,22:45:42,55.15971667,-3.157716667
Pipistrellus pygmaeus,1,A3,26/07/2018,22:46:03,55.15971667,-3.157716667
Pipistrellus pygmaeus,1,A3,26/07/2018,22:46:14,55.15971667,-3.157716667
Pipistrellus pygmaeus,1,A3,26/07/2018,22:46:28,55.15971667,-3.157716667
Pipistrellus pygmaeus,1,A3,26/07/2018,22:47:24,55.15971667,-3.157716667
Pipistrellus pygmaeus,1,A3,26/07/2018,22:47:27,55.15971667,-3.157716667
Pipistrellus pipistrellus,1,A3,26/07/2018,22:58:19,55.15971667,-3.157716667
Pipistrellus pipistrellus,1,A3,26/07/2018,22:58:26,55.15971667,-3.157716667
Pipistrellus pipistrellus,1,A3,26/07/2018,22:58:32,55.15971667,-3.157716667
Pipistrellus pipistrellus,1,A3,26/07/2018,22:58:39,55.15971667,-3.157716667
Pipistrellus pipistrellus,1,A3,26/07/2018,22:58:46,55.15971667,-3.157716667
Pipistrellus pygmaeus,1,A3,26/07/2018,22:58:46,55.15971667,-3.157716667
Pipistrellus pygmaeus,1,A3,26/07/2018,22:58:50,55.15971667,-3.157716667
Pipistrellus pygmaeus,1,A3,26/07/2018,22:59:41,55.15971667,-3.157716667
Pipistrellus pygmaeus,1,A3,26/07/2018,22:59:49,55.15971667,-3.157716667
Pipistrellus pygmaeus,1,A3,26/07/2018,22:59:52,55.15971667,-3.157716667
Pipistrellus pygmaeus,1,A3,26/07/2018,23:00:10,55.15971667,-3.157716667
Pipistrellus pipistrellus,1,A3,26/07/2018,23:00:43,55.15971667,-3.157716667
Pipistrellus pipistrellus,1,A3,26/07/2018,23:00:48,55.15971667,-3.157716667
Pipistrellus pygmaeus,1,A3,26/07/2018,23:01:01,55.15971667,-3.157716667
Pipistrellus pipistrellus,1,A3,26/07/2018,23:01:11,55.15971667,-3.157716667
Pipistrellus pygmaeus,1,A3,26/07/2018,23:01:17,55.15971667,-3.157716667
Pipistrellus pygmaeus,1,A3,26/07/2018,23:01:23,55.15971667,-3.157716667
Pipistrellus pipistrellus,1,A3,26/07/2018,23:01:34,55.15971667,-3.157716667
Pipistrellus pipistrellus,1,A3,26/07/2018,23:01:47,55.15971667,-3.157716667
Pipistrellus pipistrellus,1,A3,26/07/2018,23:03:31,55.15971667,-3.157716667
Pipistrellus pipistrellus,1,A3,26/07/2018,23:03:48,55.15971667,-3.157716667
Pipistrellus pipistrellus,1,A3,26/07/2018,23:03:59,55.15971667,-3.157716667
Pipistrellus pipistrellus,1,A3,26/07/2018,23:04:10,55.15971667,-3.157716667
Pipistrellus pipistrellus,1,A3,26/07/2018,23:11:28,55.15971667,-3.157716667
Pipistrellus pygmaeus,1,A3,26/07/2018,23:14:42,55.15971667,-3.157716667
Pipistrellus pygmaeus,1,A3,26/07/2018,23:15:23,55.15971667,-3.157716667
Pipistrellus pygmaeus,1,A3,26/07/2018,23:15:29,55.15971667,-3.157716667
Pipistrellus pygmaeus,2,A3,26/07/2018,23:17:10,55.15971667,-3.157716667
Pipistrellus pipistrellus,1,A3,26/07/2018,23:27:15,55.15971667,-3.157716667
Pipistrellus pipistrellus,1,A3,26/07/2018,23:27:20,55.15971667,-3.157716667
Pipistrellus pygmaeus,1,A3,26/07/2018,23:40:08,55.15971667,-3.157716667
Pipistrellus pygmaeus,1,A3,26/07/2018,23:40:12,55.15971667,-3.157716667
Nyctalus noctula,1,A3,26/07/2018,23:40:52,55.15971667,-3.157716667
Nyctalus noctula,2,A3,26/07/2018,23:40:58,55.15971667,-3.157716667
Nyctalus noctula,1,A3,26/07/2018,23:41:53,55.15971667,-3.157716667
Nyctalus noctula,1,A3,26/07/2018,23:41:56,55.15971667,-3.157716667
Nyctalus leisleri,1,A3,26/07/2018,23:42:04,55.15971667,-3.157716667
Nyctalus noctula,1,A3,26/07/2018,23:42:14,55.15971667,-3.157716667
Nyctalus noctula,1,A3,26/07/2018,23:42:23,55.15971667,-3.157716667
Nyctalus noctula,1,A3,26/07/2018,23:42:34,55.15971667,-3.157716667
Nyctalus noctula,1,A3,26/07/2018,23:42:37,55.15971667,-3.157716667
Nyctalus noctula,1,A3,26/07/2018,23:42:48,55.15971667,-3.157716667
Nyctalus noctula,1,A3,26/07/2018,23:42:52,55.15971667,-3.157716667
Nyctalus noctula,1,A3,26/07/2018,23:43:03,55.15971667,-3.157716667
Nyctalus noctula,1,A3,26/07/2018,23:43:10,55.15971667,-3.157716667
Nyctalus noctula,1,A3,26/07/2018,23:43:16,55.15971667,-3.157716667
Nyctalus spp.,1,A3,26/07/2018,23:43:22,55.15971667,-3.157716667
Pipistrellus pipistrellus,1,A3,26/07/2018,23:43:30,55.15971667,-3.157716667
Nyctalus noctula,1,A3,26/07/2018,23:43:30,55.15971667,-3.157716667
Pipistrellus pipistrellus,1,A3,26/07/2018,23:43:45,55.15971667,-3.157716667
Nyctalus noctula,1,A3,26/07/2018,23:43:45,55.15971667,-3.157716667
Nyctalus noctula,1,A3,26/07/2018,23:44:00,55.15971667,-3.157716667
Nyctalus leisleri,1,A3,26/07/2018,23:44:16,55.15971667,-3.157716667
Nyctalus noctula,1,A3,26/07/2018,23:44:19,55.15971667,-3.157716667
Nyctalus noctula,1,A3,26/07/2018,23:44:27,55.15971667,-3.157716667
Nyctalus noctula,1,A3,26/07/2018,23:44:34,55.15971667,-3.157716667
Nyctalus noctula,1,A3,26/07/2018,23:45:00,55.15971667,-3.157716667
Pipistrellus pipistrellus,1,A3,26/07/2018,23:51:45,55.15971667,-3.157716667
Pipistrellus pygmaeus,1,A3,28/07/2018,00:36:51,55.15971667,-3.157716667
Pipistrellus pygmaeus,1,A3,28/07/2018,00:36:55,55.15971667,-3.157716667
Pipistrellus pygmaeus,1,A3,28/07/2018,00:37:00,55.15971667,-3.157716667
Pipistrellus pygmaeus,1,A3,28/07/2018,00:39:22,55.15971667,-3.157716667
Pipistrellus pygmaeus,1,A3,28/07/2018,00:39:27,55.15971667,-3.157716667
Pipistrellus pipistrellus,1,A3,28/07/2018,00:42:37,55.15971667,-3.157716667
Pipistrellus pygmaeus,1,A3,28/07/2018,00:45:14,55.15971667,-3.157716667
Pipistrellus pygmaeus,1,A3,27/07/2018,22:15:29,55.15971667,-3.157716667
Nyctalus noctula,1,A3,27/07/2018,22:32:51,55.15971667,-3.157716667
Nyctalus noctula,1,A3,27/07/2018,22:46:02,55.15971667,-3.157716667
Pipistrellus pipistrellus,1,A3,27/07/2018,23:37:17,55.15971667,-3.157716667
Pipistrellus pygmaeus,1,A3,27/07/2018,23:42:41,55.15971667,-3.157716667
Pipistrellus pipistrellus,1,A3,27/07/2018,23:49:07,55.15971667,-3.157716667
Nyctalus noctula,1,A3,29/07/2018,22:54:36,55.15971667,-3.157716667
Nyctalus noctula,1,A3,29/07/2018,22:55:53,55.15971667,-3.157716667
Pipistrellus pipistrellus,1,A3,29/07/2018,23:03:13,55.15971667,-3.157716667
Pipistrellus pipistrellus,1,A3,29/07/2018,23:03:20,55.15971667,-3.157716667
Pipistrellus pipistrellus,1,A3,29/07/2018,23:05:29,55.15971667,-3.157716667
Pipistrellus pipistrellus,1,A3,29/07/2018,23:12:41,55.15971667,-3.157716667
Pipistrellus pipistrellus,1,A3,29/07/2018,23:14:00,55.15971667,-3.157716667
Pipistrellus pipistrellus,1,A3,29/07/2018,23:14:22,55.15971667,-3.157716667
Pipistrellus pipistrellus,1,A3,29/07/2018,23:15:25,55.15971667,-3.157716667
Pipistrellus pipistrellus,1,A3,29/07/2018,23:16:12,55.15971667,-3.157716667
Nyctalus leisleri,1,A3,29/07/2018,23:16:12,55.15971667,-3.157716667
Pipistrellus pipistrellus,1,A3,29/07/2018,23:16:14,55.15971667,-3.157716667
Pipistrellus pipistrellus,1,A3,29/07/2018,23:16:38,55.15971667,-3.157716667
Pipistrellus pipistrellus,1,A3,29/07/2018,23:17:21,55.15971667,-3.157716667
Pipistrellus pipistrellus,1,A3,29/07/2018,23:17:24,55.15971667,-3.157716667
Pipistrellus pipistrellus,1,A3,29/07/2018,23:17:56,55.15971667,-3.157716667
Pipistrellus pipistrellus,1,A3,29/07/2018,23:20:42,55.15971667,-3.157716667
Nyctalus leisleri,1,A3,04/08/2018,00:06:28,55.15971667,-3.157716667
Pipistrellus pipistrellus,1,A3,04/08/2018,02:01:38,55.15971667,-3.157716667
Pipistrellus pipistrellus,1,A3,04/08/2018,02:41:39,55.15971667,-3.157716667
Pipistrellus pipistrellus,1,A3,04/08/2018,03:00:06,55.15971667,-3.157716667
Pipistrellus pipistrellus,1,A3,04/08/2018,03:00:46,55.15971667,-3.157716667
Pipistrellus pipistrellus,1,A3,04/08/2018,03:01:46,55.15971667,-3.157716667
Pipistrellus pipistrellus,1,A3,04/08/2018,03:13:43,55.15971667,-3.157716667
Pipistrellus pipistrellus,1,A3,04/08/2018,03:13:47,55.15971667,-3.157716667
Pipistrellus pipistrellus,1,A3,04/08/2018,03:17:50,55.15971667,-3.157716667
Pipistrellus nathusii,1,A3,04/08/2018,03:21:51,55.15971667,-3.157716667
Nyctalus noctula,1,A3,03/08/2018,23:08:16,55.15971667,-3.157716667
Pipistrellus pipistrellus,1,A3,05/08/2018,00:16:15,55.15971667,-3.157716667
Pipistrellus pipistrellus,1,A3,05/08/2018,00:16:48,55.15971667,-3.157716667
Pipistrellus pipistrellus,1,A3,05/08/2018,00:32:00,55.15971667,-3.157716667
Pipistrellus pipistrellus,1,A3,05/08/2018,00:32:10,55.15971667,-3.157716667
Pipistrellus pipistrellus,1,A3,05/08/2018,00:32:28,55.15971667,-3.157716667
Pipistrellus pipistrellus,1,A3,05/08/2018,00:33:26,55.15971667,-3.157716667
Pipistrellus pipistrellus,1,A3,05/08/2018,00:40:11,55.15971667,-3.157716667
Pipistrellus pipistrellus,1,A3,05/08/2018,00:40:55,55.15971667,-3.157716667
Pipistrellus nathusii,1,A3,05/08/2018,00:42:17,55.15971667,-3.157716667
Pipistrellus pipistrellus,1,A3,05/08/2018,00:42:34,55.15971667,-3.157716667
Nyctalus noctula,1,A3,05/08/2018,01:03:55,55.15971667,-3.157716667
Myotis spp.,1,A3,05/08/2018,01:07:50,55.15971667,-3.157716667
Myotis spp.,1,A3,05/08/2018,01:08:16,55.15971667,-3.157716667
Pipistrellus pipistrellus,1,A3,05/08/2018,01:31:45,55.15971667,-3.157716667
Pipistrellus pipistrellus,1,A3,05/08/2018,01:40:48,55.15971667,-3.157716667
Pipistrellus nathusii,1,A3,05/08/2018,01:47:16,55.15971667,-3.157716667
Pipistrellus pipistrellus,1,A3,05/08/2018,01:49:55,55.15971667,-3.157716667
Pipistrellus pipistrellus,1,A3,05/08/2018,01:50:22,55.15971667,-3.157716667
Nyctalus leisleri,1,A3,05/08/2018,01:52:29,55.15971667,-3.157716667
Pipistrellus pipistrellus,1,A3,05/08/2018,02:19:40,55.15971667,-3.157716667
Pipistrellus pipistrellus,1,A3,05/08/2018,02:22:13,55.15971667,-3.157716667
Pipistrellus pipistrellus,1,A3,05/08/2018,02:29:34,55.15971667,-3.157716667
Nyctalus noctula,1,A3,04/08/2018,22:02:48,55.15971667,-3.157716667
Nyctalus noctula,1,A3,04/08/2018,22:03:10,55.15971667,-3.157716667
Nyctalus noctula,1,A3,04/08/2018,22:03:18,55.15971667,-3.157716667
Nyctalus noctula,1,A3,04/08/2018,22:03:24,55.15971667,-3.157716667
Pipistrellus pygmaeus,1,A3,04/08/2018,22:38:55,55.15971667,-3.157716667
Pipistrellus pipistrellus,1,A3,06/08/2018,00:20:29,55.15971667,-3.157716667
Pipistrellus pipistrellus,1,A3,06/08/2018,00:37:33,55.15971667,-3.157716667
Pipistrellus pygmaeus,1,A3,06/08/2018,00:56:22,55.15971667,-3.157716667
Pipistrellus pipistrellus,1,A3,06/08/2018,00:56:55,55.15971667,-3.157716667
Pipistrellus pipistrellus,1,A3,05/08/2018,23:08:25,55.15971667,-3.157716667
Pipistrellus pipistrellus,1,A3,05/08/2018,23:12:02,55.15971667,-3.157716667
Pipistrellus pipistrellus,1,A3,05/08/2018,23:12:54,55.15971667,-3.157716667
Pipistrellus pipistrellus,1,A3,05/08/2018,23:13:24,55.15971667,-3.157716667
Pipistrellus pipistrellus,1,A3,05/08/2018,23:13:32,55.15971667,-3.157716667
Pipistrellus pipistrellus,1,A3,05/08/2018,23:13:38,55.15971667,-3.157716667
Pipistrellus pipistrellus,1,A3,05/08/2018,23:13:59,55.15971667,-3.157716667
Pipistrellus pipistrellus,1,A3,05/08/2018,23:14:18,55.15971667,-3.157716667
Pipistrellus pipistrellus,1,A3,05/08/2018,23:18:38,55.15971667,-3.157716667
Pipistrellus pipistrellus,1,A3,05/08/2018,23:19:18,55.15971667,-3.157716667
Pipistrellus pipistrellus,1,A3,05/08/2018,23:19:28,55.15971667,-3.157716667
Pipistrellus pipistrellus,1,A3,05/08/2018,23:19:37,55.15971667,-3.157716667
Pipistrellus pygmaeus,1,A3,05/08/2018,23:22:22,55.15971667,-3.157716667
Pipistrellus pipistrellus,1,A3,05/08/2018,23:23:27,55.15971667,-3.157716667
Pipistrellus pygmaeus,1,A3,05/08/2018,23:23:44,55.15971667,-3.157716667
Pipistrellus pipistrellus,1,A3,05/08/2018,23:25:13,55.15971667,-3.157716667
Pipistrellus pipistrellus,1,A3,05/08/2018,23:25:22,55.15971667,-3.157716667
Pipistrellus pipistrellus,1,A3,05/08/2018,23:28:59,55.15971667,-3.157716667
Pipistrellus pipistrellus,1,A3,05/08/2018,23:31:50,55.15971667,-3.157716667
Pipistrellus pipistrellus,1,A3,05/08/2018,23:32:09,55.15971667,-3.157716667
Pipistrellus pipistrellus,1,A3,05/08/2018,23:46:15,55.15971667,-3.157716667
Pipistrellus pipistrellus,1,A3,05/08/2018,23:50:40,55.15971667,-3.157716667
Pipistrellus pipistrellus,1,A3,08/08/2018,00:00:08,55.15971667,-3.157716667
Pipistrellus pipistrellus,1,A3,08/08/2018,00:01:30,55.15971667,-3.157716667
Pipistrellus pipistrellus,1,A3,08/08/2018,00:01:36,55.15971667,-3.157716667
Pipistrellus pipistrellus,1,A3,08/08/2018,00:02:06,55.15971667,-3.157716667
Pipistrellus pipistrellus,1,A3,08/08/2018,00:02:26,55.15971667,-3.157716667
Pipistrellus pipistrellus,1,A3,08/08/2018,00:02:36,55.15971667,-3.157716667
Pipistrellus pipistrellus,1,A3,08/08/2018,00:02:52,55.15971667,-3.157716667
Pipistrellus pipistrellus,1,A3,08/08/2018,00:03:04,55.15971667,-3.157716667
Pipistrellus pipistrellus,1,A3,08/08/2018,00:03:24,55.15971667,-3.157716667
Pipistrellus pipistrellus,1,A3,08/08/2018,00:03:33,55.15971667,-3.157716667
Pipistrellus pipistrellus,1,A3,08/08/2018,00:03:39,55.15971667,-3.157716667
Pipistrellus pipistrellus,1,A3,08/08/2018,00:03:42,55.15971667,-3.157716667
Pipistrellus pipistrellus,1,A3,08/08/2018,00:04:02,55.15971667,-3.157716667
Pipistrellus pipistrellus,1,A3,08/08/2018,00:04:08,55.15971667,-3.157716667
Pipistrellus pipistrellus,1,A3,08/08/2018,00:04:14,55.15971667,-3.157716667
Pipistrellus pipistrellus,1,A3,08/08/2018,00:04:31,55.15971667,-3.157716667
Pipistrellus pipistrellus,1,A3,08/08/2018,00:04:41,55.15971667,-3.157716667
Pipistrellus pipistrellus,1,A3,08/08/2018,00:04:45,55.15971667,-3.157716667
Pipistrellus pipistrellus,1,A3,08/08/2018,00:04:57,55.15971667,-3.157716667
Pipistrellus pipistrellus,1,A3,08/08/2018,00:05:08,55.15971667,-3.157716667
Pipistrellus pipistrellus,1,A3,08/08/2018,00:05:19,55.15971667,-3.157716667
Pipistrellus pipistrellus,1,A3,08/08/2018,00:05:35,55.15971667,-3.157716667
Pipistrellus pipistrellus,1,A3,08/08/2018,00:05:53,55.15971667,-3.157716667
Pipistrellus pipistrellus,1,A3,08/08/2018,00:06:04,55.15971667,-3.157716667
Pipistrellus pipistrellus,1,A3,08/08/2018,00:06:19,55.15971667,-3.157716667
Pipistrellus pipistrellus,1,A3,08/08/2018,00:06:30,55.15971667,-3.157716667
Pipistrellus pipistrellus,1,A3,08/08/2018,00:06:41,55.15971667,-3.157716667
Pipistrellus pipistrellus,1,A3,08/08/2018,00:06:50,55.15971667,-3.157716667
Pipistrellus pipistrellus,1,A3,08/08/2018,00:07:00,55.15971667,-3.157716667
Pipistrellus pipistrellus,1,A3,08/08/2018,00:07:23,55.15971667,-3.157716667
Pipistrellus pipistrellus,1,A3,08/08/2018,00:07:25,55.15971667,-3.157716667
Pipistrellus pipistrellus,1,A3,08/08/2018,00:07:45,55.15971667,-3.157716667
Pipistrellus pipistrellus,1,A3,08/08/2018,00:07:59,55.15971667,-3.157716667
Pipistrellus pipistrellus,1,A3,08/08/2018,00:08:36,55.15971667,-3.157716667
Pipistrellus pipistrellus,1,A3,08/08/2018,00:08:48,55.15971667,-3.157716667
Pipistrellus pipistrellus,1,A3,08/08/2018,00:09:20,55.15971667,-3.157716667
Pipistrellus pipistrellus,1,A3,08/08/2018,00:09:56,55.15971667,-3.157716667
Pipistrellus pipistrellus,1,A3,08/08/2018,00:12:00,55.15971667,-3.157716667
Pipistrellus pipistrellus,1,A3,08/08/2018,00:12:18,55.15971667,-3.157716667
Myotis spp.,1,A3,08/08/2018,00:13:01,55.15971667,-3.157716667
Pipistrellus pipistrellus,1,A3,08/08/2018,00:13:08,55.15971667,-3.157716667
Myotis spp.,1,A3,08/08/2018,00:13:08,55.15971667,-3.157716667
Pipistrellus pipistrellus,1,A3,08/08/2018,00:13:33,55.15971667,-3.157716667
Pipistrellus pipistrellus,1,A3,08/08/2018,00:15:27,55.15971667,-3.157716667
Pipistrellus pipistrellus,1,A3,08/08/2018,00:19:18,55.15971667,-3.157716667
Pipistrellus pipistrellus,1,A3,08/08/2018,00:19:33,55.15971667,-3.157716667
Pipistrellus pipistrellus,1,A3,08/08/2018,00:19:42,55.15971667,-3.157716667
Pipistrellus pipistrellus,1,A3,08/08/2018,00:20:00,55.15971667,-3.157716667
Pipistrellus pipistrellus,1,A3,08/08/2018,00:20:25,55.15971667,-3.157716667
Pipistrellus pipistrellus,1,A3,08/08/2018,00:20:43,55.15971667,-3.157716667
Pipistrellus pipistrellus,1,A3,08/08/2018,00:21:22,55.15971667,-3.157716667
Pipistrellus pipistrellus,1,A3,08/08/2018,00:30:39,55.15971667,-3.157716667
Pipistrellus pipistrellus,1,A3,08/08/2018,00:34:02,55.15971667,-3.157716667
Pipistrellus pipistrellus,1,A3,08/08/2018,00:34:36,55.15971667,-3.157716667
Pipistrellus pipistrellus,1,A3,08/08/2018,00:34:52,55.15971667,-3.157716667
Pipistrellus pipistrellus,1,A3,08/08/2018,00:35:03,55.15971667,-3.157716667
Pipistrellus pipistrellus,1,A3,08/08/2018,00:36:15,55.15971667,-3.157716667
Pipistrellus pipistrellus,1,A3,08/08/2018,00:36:35,55.15971667,-3.157716667
Pipistrellus pipistrellus,1,A3,08/08/2018,00:36:46,55.15971667,-3.157716667
Pipistrellus pipistrellus,1,A3,08/08/2018,00:37:02,55.15971667,-3.157716667
Pipistrellus pipistrellus,1,A3,08/08/2018,00:37:11,55.15971667,-3.157716667
Pipistrellus pipistrellus,1,A3,08/08/2018,00:37:38,55.15971667,-3.157716667
Pipistrellus pipistrellus,1,A3,08/08/2018,00:41:20,55.15971667,-3.157716667
Pipistrellus pipistrellus,1,A3,08/08/2018,00:41:31,55.15971667,-3.157716667
Pipistrellus pipistrellus,1,A3,08/08/2018,00:41:35,55.15971667,-3.157716667
Pipistrellus pipistrellus,1,A3,08/08/2018,00:41:43,55.15971667,-3.157716667
Pipistrellus pipistrellus,1,A3,08/08/2018,00:42:06,55.15971667,-3.157716667
Pipistrellus pipistrellus,1,A3,08/08/2018,00:42:29,55.15971667,-3.157716667
Pipistrellus pipistrellus,1,A3,08/08/2018,00:42:37,55.15971667,-3.157716667
Pipistrellus pipistrellus,1,A3,08/08/2018,00:42:55,55.15971667,-3.157716667
Pipistrellus pipistrellus,1,A3,08/08/2018,00:43:00,55.15971667,-3.157716667
Pipistrellus pipistrellus,1,A3,08/08/2018,00:43:05,55.15971667,-3.157716667
Pipistrellus pipistrellus,1,A3,08/08/2018,00:43:47,55.15971667,-3.157716667
Pipistrellus pipistrellus,1,A3,08/08/2018,00:43:52,55.15971667,-3.157716667
Pipistrellus pipistrellus,1,A3,08/08/2018,00:43:56,55.15971667,-3.157716667
Pipistrellus pipistrellus,1,A3,08/08/2018,00:44:04,55.15971667,-3.157716667
Pipistrellus pipistrellus,1,A3,08/08/2018,00:44:10,55.15971667,-3.157716667
Pipistrellus pipistrellus,1,A3,08/08/2018,00:44:23,55.15971667,-3.157716667
Pipistrellus pipistrellus,1,A3,08/08/2018,00:44:32,55.15971667,-3.157716667
Pipistrellus pipistrellus,1,A3,08/08/2018,00:44:39,55.15971667,-3.157716667
Pipistrellus pipistrellus,1,A3,08/08/2018,00:44:57,55.15971667,-3.157716667
Pipistrellus pipistrellus,1,A3,08/08/2018,00:45:04,55.15971667,-3.157716667
Pipistrellus pipistrellus,1,A3,08/08/2018,00:45:09,55.15971667,-3.157716667
Pipistrellus pipistrellus,1,A3,08/08/2018,00:45:21,55.15971667,-3.157716667
Pipistrellus pipistrellus,1,A3,08/08/2018,00:46:38,55.15971667,-3.157716667
Pipistrellus pipistrellus,1,A3,08/08/2018,00:47:01,55.15971667,-3.157716667
Pipistrellus pipistrellus,1,A3,08/08/2018,00:47:09,55.15971667,-3.157716667
Pipistrellus pipistrellus,1,A3,08/08/2018,00:47:18,55.15971667,-3.157716667
Pipistrellus pipistrellus,1,A3,08/08/2018,00:47:32,55.15971667,-3.157716667
Pipistrellus pipistrellus,2,A3,08/08/2018,00:47:49,55.15971667,-3.157716667
Pipistrellus pipistrellus,1,A3,08/08/2018,00:48:02,55.15971667,-3.157716667
Pipistrellus pipistrellus,1,A3,08/08/2018,00:48:12,55.15971667,-3.157716667
Pipistrellus pipistrellus,1,A3,08/08/2018,00:48:31,55.15971667,-3.157716667
Pipistrellus pipistrellus,1,A3,08/08/2018,00:52:09,55.15971667,-3.157716667
Pipistrellus pipistrellus,1,A3,08/08/2018,00:52:46,55.15971667,-3.157716667
Pipistrellus pipistrellus,1,A3,08/08/2018,01:04:58,55.15971667,-3.157716667
Myotis spp.,1,A3,08/08/2018,01:05:22,55.15971667,-3.157716667
Pipistrellus pipistrellus,1,A3,08/08/2018,01:17:40,55.15971667,-3.157716667
Pipistrellus pipistrellus,1,A3,08/08/2018,01:17:57,55.15971667,-3.157716667
Myotis spp.,1,A3,08/08/2018,01:56:13,55.15971667,-3.157716667
Pipistrellus pipistrellus,1,A3,07/08/2018,23:20:11,55.15971667,-3.157716667
Pipistrellus pipistrellus,1,A3,07/08/2018,23:20:25,55.15971667,-3.157716667
Pipistrellus pipistrellus,1,A3,07/08/2018,23:21:21,55.15971667,-3.157716667
Pipistrellus pipistrellus,1,A3,07/08/2018,23:21:27,55.15971667,-3.157716667
Pipistrellus pipistrellus,1,A3,07/08/2018,23:22:53,55.15971667,-3.157716667
Pipistrellus pipistrellus,1,A3,07/08/2018,23:23:02,55.15971667,-3.157716667
Pipistrellus pipistrellus,1,A3,07/08/2018,23:23:09,55.15971667,-3.157716667
Pipistrellus pipistrellus,1,A3,07/08/2018,23:23:17,55.15971667,-3.157716667
Pipistrellus pipistrellus,1,A3,07/08/2018,23:23:24,55.15971667,-3.157716667
Pipistrellus pipistrellus,1,A3,07/08/2018,23:23:31,55.15971667,-3.157716667
Pipistrellus pipistrellus,1,A3,07/08/2018,23:23:35,55.15971667,-3.157716667
Pipistrellus pipistrellus,1,A3,07/08/2018,23:25:13,55.15971667,-3.157716667
Pipistrellus pipistrellus,1,A3,07/08/2018,23:25:30,55.15971667,-3.157716667
Pipistrellus pipistrellus,1,A3,07/08/2018,23:25:42,55.15971667,-3.157716667
Pipistrellus pipistrellus,1,A3,07/08/2018,23:25:53,55.15971667,-3.157716667
Pipistrellus pipistrellus,1,A3,07/08/2018,23:25:58,55.15971667,-3.157716667
Pipistrellus pipistrellus,1,A3,07/08/2018,23:26:05,55.15971667,-3.157716667
Pipistrellus pipistrellus,1,A3,07/08/2018,23:26:13,55.15971667,-3.157716667
Pipistrellus pipistrellus,2,A3,07/08/2018,23:26:17,55.15971667,-3.157716667
Pipistrellus pipistrellus,1,A3,07/08/2018,23:26:31,55.15971667,-3.157716667
Pipistrellus pipistrellus,1,A3,07/08/2018,23:26:36,55.15971667,-3.157716667
Pipistrellus pipistrellus,1,A3,07/08/2018,23:26:53,55.15971667,-3.157716667
Pipistrellus pipistrellus,1,A3,07/08/2018,23:26:59,55.15971667,-3.157716667
Pipistrellus pipistrellus,1,A3,07/08/2018,23:28:42,55.15971667,-3.157716667
Pipistrellus pipistrellus,1,A3,07/08/2018,23:28:46,55.15971667,-3.157716667
Pipistrellus pipistrellus,1,A3,07/08/2018,23:29:17,55.15971667,-3.157716667
Pipistrellus pipistrellus,1,A3,07/08/2018,23:29:35,55.15971667,-3.157716667
Pipistrellus pipistrellus,1,A3,07/08/2018,23:29:39,55.15971667,-3.157716667
Pipistrellus pipistrellus,1,A3,07/08/2018,23:29:46,55.15971667,-3.157716667
Pipistrellus pipistrellus,1,A3,07/08/2018,23:29:52,55.15971667,-3.157716667
Pipistrellus pipistrellus,1,A3,07/08/2018,23:29:59,55.15971667,-3.157716667
Pipistrellus pipistrellus,1,A3,07/08/2018,23:30:07,55.15971667,-3.157716667
Pipistrellus pipistrellus,1,A3,07/08/2018,23:30:14,55.15971667,-3.157716667
Pipistrellus pipistrellus,1,A3,07/08/2018,23:30:24,55.15971667,-3.157716667
Pipistrellus pipistrellus,1,A3,07/08/2018,23:30:53,55.15971667,-3.157716667
Pipistrellus pipistrellus,1,A3,07/08/2018,23:31:00,55.15971667,-3.157716667
Pipistrellus pipistrellus,1,A3,07/08/2018,23:31:09,55.15971667,-3.157716667
Pipistrellus pipistrellus,1,A3,07/08/2018,23:31:14,55.15971667,-3.157716667
Pipistrellus pipistrellus,1,A3,07/08/2018,23:31:21,55.15971667,-3.157716667
Pipistrellus pipistrellus,1,A3,07/08/2018,23:32:09,55.15971667,-3.157716667
Pipistrellus pipistrellus,1,A3,07/08/2018,23:32:14,55.15971667,-3.157716667
Pipistrellus pipistrellus,1,A3,07/08/2018,23:32:19,55.15971667,-3.157716667
Pipistrellus pipistrellus,1,A3,07/08/2018,23:32:39,55.15971667,-3.157716667
Pipistrellus pipistrellus,1,A3,07/08/2018,23:32:46,55.15971667,-3.157716667
Pipistrellus pipistrellus,1,A3,07/08/2018,23:32:55,55.15971667,-3.157716667
Pipistrellus pipistrellus,1,A3,07/08/2018,23:33:01,55.15971667,-3.157716667
Pipistrellus pipistrellus,1,A3,07/08/2018,23:33:06,55.15971667,-3.157716667
Pipistrellus pipistrellus,1,A3,07/08/2018,23:33:12,55.15971667,-3.157716667
Pipistrellus pipistrellus,1,A3,07/08/2018,23:33:19,55.15971667,-3.157716667
Pipistrellus pipistrellus,1,A3,07/08/2018,23:33:24,55.15971667,-3.157716667
Pipistrellus pipistrellus,1,A3,07/08/2018,23:33:30,55.15971667,-3.157716667
Pipistrellus pipistrellus,1,A3,07/08/2018,23:33:37,55.15971667,-3.157716667
Pipistrellus pipistrellus,1,A3,07/08/2018,23:33:42,55.15971667,-3.157716667
Pipistrellus pipistrellus,1,A3,07/08/2018,23:33:47,55.15971667,-3.157716667
Pipistrellus pipistrellus,1,A3,07/08/2018,23:33:54,55.15971667,-3.157716667
Pipistrellus pipistrellus,1,A3,07/08/2018,23:34:00,55.15971667,-3.157716667
Pipistrellus pipistrellus,1,A3,07/08/2018,23:34:07,55.15971667,-3.157716667
Pipistrellus pipistrellus,1,A3,07/08/2018,23:34:12,55.15971667,-3.157716667
Pipistrellus pipistrellus,1,A3,07/08/2018,23:34:21,55.15971667,-3.157716667
Pipistrellus pipistrellus,1,A3,07/08/2018,23:34:24,55.15971667,-3.157716667
Pipistrellus pipistrellus,1,A3,07/08/2018,23:34:30,55.15971667,-3.157716667
Pipistrellus pipistrellus,1,A3,07/08/2018,23:34:35,55.15971667,-3.157716667
Pipistrellus pipistrellus,1,A3,07/08/2018,23:34:45,55.15971667,-3.157716667
Pipistrellus pipistrellus,1,A3,07/08/2018,23:34:48,55.15971667,-3.157716667
Pipistrellus pipistrellus,1,A3,07/08/2018,23:34:52,55.15971667,-3.157716667
Pipistrellus pipistrellus,1,A3,07/08/2018,23:35:02,55.15971667,-3.157716667
Pipistrellus pipistrellus,1,A3,07/08/2018,23:35:09,55.15971667,-3.157716667
Pipistrellus pipistrellus,1,A3,07/08/2018,23:35:15,55.15971667,-3.157716667
Pipistrellus pipistrellus,1,A3,07/08/2018,23:35:21,55.15971667,-3.157716667
Pipistrellus pipistrellus,1,A3,07/08/2018,23:35:26,55.15971667,-3.157716667
Pipistrellus pipistrellus,1,A3,07/08/2018,23:35:30,55.15971667,-3.157716667
Pipistrellus pipistrellus,1,A3,07/08/2018,23:36:09,55.15971667,-3.157716667
Pipistrellus pipistrellus,1,A3,07/08/2018,23:36:32,55.15971667,-3.157716667
Pipistrellus pipistrellus,1,A3,07/08/2018,23:36:38,55.15971667,-3.157716667
Pipistrellus pipistrellus,1,A3,07/08/2018,23:36:48,55.15971667,-3.157716667
Pipistrellus pipistrellus,1,A3,07/08/2018,23:36:51,55.15971667,-3.157716667
Pipistrellus pipistrellus,1,A3,07/08/2018,23:36:58,55.15971667,-3.157716667
Pipistrellus pipistrellus,1,A3,07/08/2018,23:37:11,55.15971667,-3.157716667
Pipistrellus pipistrellus,1,A3,07/08/2018,23:37:24,55.15971667,-3.157716667
Pipistrellus pipistrellus,1,A3,07/08/2018,23:37:36,55.15971667,-3.157716667
Pipistrellus pipistrellus,1,A3,07/08/2018,23:37:40,55.15971667,-3.157716667
Pipistrellus pipistrellus,1,A3,07/08/2018,23:37:52,55.15971667,-3.157716667
Myotis spp.,1,A3,07/08/2018,23:37:52,55.15971667,-3.157716667
Pipistrellus pipistrellus,1,A3,07/08/2018,23:38:00,55.15971667,-3.157716667
Pipistrellus pipistrellus,1,A3,07/08/2018,23:38:16,55.15971667,-3.157716667
Pipistrellus pipistrellus,1,A3,07/08/2018,23:38:42,55.15971667,-3.157716667
Pipistrellus pipistrellus,1,A3,07/08/2018,23:38:50,55.15971667,-3.157716667
Pipistrellus pipistrellus,1,A3,07/08/2018,23:39:07,55.15971667,-3.157716667
Pipistrellus pipistrellus,1,A3,07/08/2018,23:39:12,55.15971667,-3.157716667
Pipistrellus pipistrellus,1,A3,07/08/2018,23:39:37,55.15971667,-3.157716667
Myotis spp.,1,A3,07/08/2018,23:39:46,55.15971667,-3.157716667
Pipistrellus pipistrellus,1,A3,07/08/2018,23:39:49,55.15971667,-3.157716667
Pipistrellus pipistrellus,1,A3,07/08/2018,23:39:54,55.15971667,-3.157716667
Myotis spp.,1,A3,07/08/2018,23:39:54,55.15971667,-3.157716667
Pipistrellus pipistrellus,1,A3,07/08/2018,23:40:04,55.15971667,-3.157716667
Pipistrellus pipistrellus,1,A3,07/08/2018,23:40:16,55.15971667,-3.157716667
